"ord","edon","id","n","pila","patmat","part","postulo","birth","fm","dsup","dsmd","in1","out1","in2","nota","nom"
233,0,"rp21p",117,"CARLOS","ACEVES DEL OLMO","pri","",NA,"m",0,0,20060829,NA,NA,"","ACEVES DEL OLMO CARLOS"
123,21,"pue2p",62,"MARCO HUMBERTO","AGUILAR CORONADO","pan","",NA,"m",0,1,20060829,NA,NA,"","AGUILAR CORONADO MARCO HUMBERTO"
229,0,"rp19p",115,"GABRIELA","AGUILAR GARCIA","pvem","",1973,"f",0,0,20060829,20061128,NA,"","AGUILAR GARCIA GABRIELA"
70,12,"gue2s",163,"JULIO CESAR","AGUIRRE MENDEZ","prd","",1962,"m",1,1,20110405,NA,NA,"","AGUIRRE MENDEZ JULIO CESAR"
71,12,"gue3p",36,"ANGEL HELADIO","AGUIRRE RIVERO","pri","",NA,"m",0,0,20060829,NA,NA,"","AGUIRRE RIVERO ANGEL HELADIO"
227,0,"rp18p",114,"FRANCISCO","AGUNDIS ARIAS","pvem","",NA,"m",0,0,20060829,NA,NA,"","AGUNDIS ARIAS FRANCISCO"
232,0,"rp20s",244,"JOSE CARMEN ARTURO","ALCANTARA ROJAS","pri","",NA,"",1,0,NA,NA,NA,"","ALCANTARA ROJAS JOSE CARMEN ARTURO"
128,22,"que1s",192,"MARIA ELENA","ALEGRIA MARTINEZ","pan","",NA,"",1,1,NA,NA,NA,"","ALEGRIA MARTINEZ MARIA ELENA"
72,12,"gue3s",164,"ANTELMO","ALVARADO GARCIA","pri","",NA,"m",1,0,NA,NA,NA,"","ALVARADO GARCIA ANTELMO"
99,17,"mor2p",50,"SERGIO","ALVAREZ MATA","pan","",1962,"m",0,1,20060829,NA,NA,"","ALVAREZ MATA SERGIO"
239,0,"rp24p",120,"ALBERTO","ANAYA GUTIERREZ","pt","",NA,"m",0,0,20060829,NA,NA,"","ANAYA GUTIERREZ ALBERTO"
25,5,"coa1p",13,"JOSE GUILLERMO","ANAYA LLAMAS","pan","",1968,"m",0,1,20060829,NA,NA,"","ANAYA LLAMAS JOSE GUILLERMO"
61,11,"gua1p",31,"HUMBERTO","ANDRADE QUEZADA","pan","",NA,"m",0,1,20060829,NA,NA,"","ANDRADE QUEZADA HUMBERTO"
51,9,"df2p",26,"RENE","ARCE ISLAS","prd","",1953,"m",0,1,20060829,NA,NA,"","ARCE ISLAS RENE"
220,0,"rp14s",238,"JACQUELINE GUADALUPE","ARGUELLES GUZMAN","pvem","",NA,"",1,0,NA,NA,NA,"","ARGUELLES GUZMAN JACQUELINE GUADALUPE"
65,11,"gua3p",33,"FRANCISCO","ARROYO VIEYRA","pri","",NA,"m",0,0,20060829,NA,NA,"FRANCISCO AGUSTIN","ARROYO VIEYRA FRANCISCO"
93,16,"mic2p",47,"SILVANO","AUREOLES CONEJO","prd","",NA,"m",0,1,20060829,NA,NA,"","AUREOLES CONEJO SILVANO"
44,8,"cua1s",150,"JOSE ANTONIO","BADIA SAN MARTIN","pan","",NA,"",1,1,NA,NA,NA,"","BADIA SAN MARTIN JOSE ANTONIO"
47,8,"cua3p",24,"FERNANDO","BAEZA MELENDEZ","pri","",1942,"m",0,0,20060829,NA,NA,"","BAEZA MELENDEZ FERNANDO"
244,0,"rp26s",250,"LE ROY","BARRAGAN OCAMPO","prd","",NA,"",1,0,NA,NA,NA,"","BARRAGAN OCAMPO LE ROY"
87,15,"mex2p",44,"HECTOR","BAUTISTA LOPEZ","prd","",NA,"m",0,1,20060829,NA,NA,"HECTOR MIGUEL","BAUTISTA LOPEZ HECTOR"
217,0,"rp13p",109,"MANLIO FABIO","BELTRONES RIVERA","pri","",1952,"m",0,0,20060829,NA,NA,"","BELTRONES RIVERA MANLIO FABIO"
75,13,"hgo2p",38,"FRANCISCO XAVIER","BERGANZA ESCORZA","conve","",NA,"m",0,1,20060829,NA,NA,"","BERGANZA ESCORZA FRANCISCO XAVIER"
179,30,"ver3p",90,"JUAN","BUENO TORIO","pan","",NA,"m",0,0,20060829,NA,NA,"","BUENO TORIO JUAN"
23,4,"cam3p",12,"SEBASTIAN","CALDERON CENTENO","pan","",1946,"m",0,0,20060829,NA,NA,"","CALDERON CENTENO SEBASTIAN"
131,22,"que3p",66,"JOSE EDUARDO","CALZADA ROVIROSA","pri","",NA,"m",0,0,20060829,NA,NA,"","CALZADA ROVIROSA JOSE EDUARDO"
3,1,"ags2p",2,"RUBEN","CAMARILLO ORTEGA","pan","",1961,"m",0,1,20060829,NA,NA,"","CAMARILLO ORTEGA RUBEN"
113,19,"nl3p",57,"ELOY","CANTU SEGOVIA","pri","",NA,"m",0,0,20060829,NA,NA,"","CANTU SEGOVIA ELOY"
79,14,"jal1p",40,"ALBERTO","CARDENAS JIMENEZ","pan","",NA,"m",0,1,20060829,NA,NA,"","CARDENAS JIMENEZ ALBERTO"
107,18,"nay3p",54,"FRANCISCO JAVIER","CASTELLON FONSECA","prd","",NA,"m",0,0,20060829,NA,NA,"","CASTELLON FONSECA FRANCISCO JAVIER"
153,26,"son2p",77,"JAVIER","CASTELO PARADA","pan","",1945,"m",0,1,20060829,NA,NA,"","CASTELO PARADA JAVIER"
24,4,"cam3s",140,"JANETTE","CASTRO LARA","pan","",NA,"f",1,0,NA,NA,NA,"","CASTRO LARA JANETTE"
11,2,"bc3p",6,"FERNANDO JORGE","CASTRO TRENTI","pri","",1955,"m",0,0,20060829,NA,NA,"","CASTRO TRENTI FERNANDO JORGE"
118,20,"oax2s",187,"ARMANDO","CONTRERAS CASTILLO","prd","",1966,"m",1,1,20101202,NA,NA,"","CONTRERAS CASTILLO ARMANDO"
80,14,"jal1s",168,"EVA","CONTRERAS SANDOVAL","pan","",1956,"f",1,1,20120401,NA,NA,"","CONTRERAS SANDOVAL EVA"
17,3,"bcs3p",9,"LUIS ALBERTO","COPPOLA JOFFROY","pan","",1948,"m",0,0,20060829,NA,NA,"","COPPOLA JOFFROY LUIS ALBERTO"
251,0,"rp30p",126,"CLAUDIA SOFIA","CORICHI GARCIA","prd","",1974,"f",0,0,20060829,NA,NA,"","CORICHI GARCIA CLAUDIA SOFIA"
98,17,"mor1s",177,"ERIKA","CORTES MARTINEZ","pan","",NA,"",1,1,NA,NA,NA,"","CORTES MARTINEZ ERIKA"
95,16,"mic3p",48,"MARKO ANTONIO","CORTES MENDOZA","pan","",1977,"m",0,0,20060829,NA,NA,"","CORTES MENDOZA MARKO ANTONIO"
15,3,"bcs2p",8,"JOSEFINA","COTA COTA","prd","",1956,"f",0,1,20060829,NA,NA,"","COTA COTA JOSEFINA"
193,0,"rp01p",97,"SANTIAGO","CREEL MIRANDA","pan","",NA,"m",0,0,20060829,20110711,NA,"","CREEL MIRANDA SANTIAGO"
184,31,"yuc2s",220,"ALICIA MAGALLY DEL SOCORRO","CRUZ NUCAMENDI","pan","",NA,"",1,1,NA,NA,NA,"","CRUZ NUCAMENDI ALICIA MAGALLY DEL SOCORRO"
115,20,"oax1p",58,"GABINO","CUE MONTEAGUDO","conve","",NA,"m",0,1,20060829,NA,NA,"","CUE MONTEAGUDO GABINO"
194,0,"rp01s",225,"JAIME","DEL CONDE UGARTE","pan","",NA,"m",1,0,20110831,NA,NA,"","DEL CONDE UGARTE JAIME"
175,30,"ver1p",88,"DANTE","DELGADO RANNAURO","conve","",NA,"m",0,1,20060829,NA,NA,"","DELGADO RANNAURO DANTE"
211,0,"rp10p",106,"ANGEL JUAN ALONSO","DIAZ CANEJA","pan","",1963,"m",0,0,20060829,NA,NA,"","DIAZ CANEJA ANGEL JUAN ALONSO"
111,19,"nl2p",56,"BLANCA JUDITH","DIAZ DELGADO","pan","",1958,"f",0,1,20060829,NA,NA,"","DIAZ DELGADO BLANCA JUDITH"
96,16,"mic3s",176,"XOCHITL","DIAZ MENDEZ","pan","",NA,"",1,0,NA,NA,NA,"","DIAZ MENDEZ XOCHITL"
9,2,"bc2p",5,"JAIME RAFAEL","DIAZ OCHOA","pan","",1956,"m",0,1,20060829,NA,NA,"","DIAZ OCHOA JAIME RAFAEL"
216,0,"rp12s",236,"MARIA HILARIA","DOMINGUEZ ARVIZU","pri","",NA,"",1,0,NA,NA,NA,"","DOMINGUEZ ARVIZU MARIA HILARIA"
53,9,"df3p",27,"FEDERICO","DORING CASAR","pan","",1971,"m",0,0,20060829,NA,NA,"","DORING CASAR FEDERICO"
33,6,"col2p",17,"JESUS","DUEÑAS LLERENAS","pan","",NA,"m",0,1,20060829,NA,NA,"","DUEÑAS LLERENAS JESUS"
155,26,"son3p",78,"ALFONSO","ELIAS SERRANO","pri","",1960,"m",0,0,20060829,NA,NA,"","ELIAS SERRANO ALFONSO"
109,19,"nl1p",55,"FERNANDO","ELIZONDO BARRAGAN","pan","",NA,"m",0,1,20060829,NA,NA,"","ELIZONDO BARRAGAN FERNANDO"
219,0,"rp14p",110,"ARTURO","ESCOBAR Y VEGA","pvem","",1970,"m",0,0,20060829,NA,NA,"","ESCOBAR Y VEGA ARTURO"
6,1,"ags3s",131,"NORMA","ESPARZA HERRERA","pri","",1967,"f",1,0,20100201,NA,NA,"","ESPARZA HERRERA NORMA"
102,17,"mor3s",179,"ABEL","ESPIN GARCIA","prd","",NA,"",1,0,NA,NA,NA,"","ESPIN GARCIA ABEL"
2,1,"ags1s",129,"MARIA CARMEN","EUDAVE RUIZ","pan","",NA,"f",1,1,NA,NA,NA,"","EUDAVE RUIZ MARIA CARMEN"
149,25,"sin3p",75,"HERIBERTO","FELIX GUERRA","pan","",1962,"m",0,0,20060829,NA,NA,"","FELIX GUERRA HERIBERTO"
20,4,"cam1s",138,"CARMEN GUADALUPE","FONZ SAENZ","pri","",1954,"f",1,1,20090303,NA,NA,"","FONZ SAENZ CARMEN GUADALUPE"
45,8,"cua2p",23,"RAMON","GALINDO NORIEGA","pan","",NA,"m",0,1,20060829,NA,NA,"","GALINDO NORIEGA RAMON"
165,28,"tam2p",83,"ALEJANDRO","GALVAN GARZA","pan","",NA,"m",0,1,20060829,NA,NA,"","GALVAN GARZA ALEJANDRO"
57,10,"dgo2p",29,"ANDRES","GALVAN RIVAS","pan","",NA,"m",0,1,20060829,NA,NA,"","GALVAN RIVAS ANDRES"
195,0,"rp02p",98,"RICARDO FRANCISCO","GARCIA CERVANTES","pan","",1954,"m",0,0,20060829,NA,NA,"","GARCIA CERVANTES RICARDO FRANCISCO"
254,0,"rp31s",255,"FRANCISCO ALCIBIADES","GARCIA LIZARDI","conve","",1941,"m",1,0,20100201,NA,NA,"","GARCIA LIZARDI FRANCISCO ALCIBIADES"
132,22,"que3s",194,"MARIA DEL SOCORRO","GARCIA QUIROZ","pri","",1968,"f",1,0,20090831,NA,NA,"","GARCIA QUIROZ MARIA DEL SOCORRO"
137,23,"qui3p",69,"JOSE LUIS","GARCIA ZALVIDEA","prd","",NA,"m",0,0,20060829,NA,NA,"JOSE LUIS MAXIMO","GARCIA ZALVIDEA JOSE LUIS"
92,16,"mic1s",174,"JESUS","GARIBAY GARCIA","prd","",NA,"m",1,1,NA,NA,NA,"J. JESUS","GARIBAY GARCIA JESUS"
112,19,"nl2s",184,"JESUS MARIO","GARZA GUEVARA","pan","",1956,"m",1,1,NA,NA,NA,"","GARZA GUEVARA JESUS MARIO"
91,16,"mic1p",46,"LEONEL","GODOY RANGEL","prd","",NA,"m",0,1,20060829,NA,NA,"","GODOY RANGEL LEONEL"
49,9,"df1p",25,"PABLO","GOMEZ ALVAREZ","prd","",1946,"m",0,1,20060829,NA,NA,"","GOMEZ ALVAREZ PABLO"
116,20,"oax1s",186,"ERICEL","GOMEZ NUCAMENDI","conve","",NA,"m",1,1,NA,NA,NA,"","GOMEZ NUCAMENDI ERICEL"
167,28,"tam3p",84,"AMIRA GRISELDA","GOMEZ TUEME","pri","",NA,"f",0,0,20060829,NA,NA,"","GOMEZ TUEME AMIRA GRISELDA"
166,28,"tam2s",211,"LAZARA NELLY","GONZALEZ AGUILAR","pan","",1977,"f",1,1,NA,NA,NA,"","GONZALEZ AGUILAR LAZARA NELLY"
7,2,"bc1p",4,"ALEJANDRO","GONZALEZ ALCOCER","pan","",1951,"m",0,1,20060829,NA,NA,"","GONZALEZ ALCOCER ALEJANDRO"
197,0,"rp03p",99,"ADRIANA","GONZALEZ CARRILLO","pan","",1975,"f",0,0,20060829,NA,NA,"","GONZALEZ CARRILLO ADRIANA"
248,0,"rp28s",252,"JOSE LIBRADO","GONZALEZ CASTRO","pt","",NA,"m",1,0,20100429,NA,NA,"","GONZALEZ CASTRO JOSE LIBRADO"
1,1,"ags1p",1,"FELIPE","GONZALEZ GONZALEZ","pan","",1947,"m",0,1,20060829,NA,NA,"","GONZALEZ GONZALEZ FELIPE"
203,0,"rp06p",102,"JOSE","GONZALEZ MORFIN","pan","",1954,"m",0,0,20060829,NA,NA,"","GONZALEZ MORFIN JOSE"
247,0,"rp28p",124,"ALEJANDRO","GONZALEZ YAÑEZ","pt","",1956,"m",0,0,20060829,NA,NA,"","GONZALEZ YAÑEZ ALEJANDRO"
141,24,"san2p",71,"EUGENIO GUADALUPE","GOVEA ARCOS","pan","",NA,"m",0,1,20060829,NA,NA,"","GOVEA ARCOS EUGENIO GUADALUPE"
215,0,"rp12p",108,"ROSARIO","GREEN MACIAS","pri","",1941,"f",0,0,20060829,NA,NA,"","GREEN MACIAS ROSARIO"
73,13,"hgo1p",37,"JOSE","GUADARRAMA MARQUEZ","prd","",NA,"m",0,1,20060829,NA,NA,"","GUADARRAMA MARQUEZ JOSE"
68,12,"gue1s",162,"VALENTIN","GUZMAN SOTO","prd","",1966,"m",1,1,20110331,NA,NA,"","GUZMAN SOTO VALENTIN"
83,14,"jal3p",42,"RAMIRO","HERNANDEZ GARCIA","pri","",NA,"m",0,0,20060829,NA,NA,"","HERNANDEZ GARCIA RAMIRO"
86,15,"mex1s",171,"MAURILIO","HERNANDEZ GONZALEZ","prd","",1953,"m",1,1,20110405,NA,NA,"","HERNANDEZ GONZALEZ MAURILIO"
171,29,"tla2p",86,"MINERVA","HERNANDEZ RAMOS","prd","",NA,"f",0,1,20060829,NA,NA,"","HERNANDEZ RAMOS MINERVA"
161,27,"tab3p",81,"FRANCISCO","HERRERA LEON","pri","",NA,"m",0,0,20060829,NA,NA,"","HERRERA LEON FRANCISCO"
177,30,"ver2p",89,"ARTURO","HERVIZ REYEZ","prd","",NA,"m",0,1,20060829,NA,NA,"","HERVIZ REYEZ ARTURO"
117,20,"oax2p",59,"SALOMON","JARA CRUZ","prd","",1959,"m",0,1,20060829,NA,NA,"","JARA CRUZ SALOMON"
122,21,"pue1s",189,"LETICIA","JASSO VALENCIA","pan","",1948,"f",1,1,20100201,NA,NA,"MARIA DEL ROSARIO LETICIA","JASSO VALENCIA LETICIA"
143,24,"san3p",72,"CARLOS","JIMENEZ MACIAS","pri","",NA,"m",0,0,20060829,NA,NA,"","JIMENEZ MACIAS CARLOS"
160,27,"tab2s",208,"MARTHA PATRICIA","JIMENEZ OROPEZA","prd","",NA,"",1,1,NA,NA,NA,"","JIMENEZ OROPEZA MARTHA PATRICIA"
67,12,"gue1p",34,"DAVID","JIMENEZ RUMBO","prd","",NA,"m",0,1,20060829,NA,NA,"","JIMENEZ RUMBO DAVID"
133,23,"qui1p",67,"PEDRO","JOAQUIN COLDWELL","pri","",NA,"m",0,1,20060829,NA,NA,"","JOAQUIN COLDWELL PEDRO"
145,25,"sin1p",73,"FRANCISCO","LABASTIDA OCHOA","pri","",1942,"m",0,1,20060829,NA,NA,"","LABASTIDA OCHOA FRANCISCO"
152,26,"son1s",204,"EMMA LUCIA","LARIOS GAXIOLA","pan","",1954,"f",1,1,20081209,NA,NA,"","LARIOS GAXIOLA EMMA LUCIA"
182,31,"yuc1s",219,"HUGO ANTONIO","LAVIADA MOLINA","pan","",1961,"m",1,1,20100211,NA,NA,"","LAVIADA MOLINA HUGO ANTONIO"
205,0,"rp07p",103,"AUGUSTO CESAR","LEAL ANGULO","pan","",NA,"m",0,0,20060829,NA,NA,"","LEAL ANGULO AUGUSTO CESAR"
230,0,"rp19s",243,"JORGE","LEGORRETA ORDORICA","pvem","",1970,"m",1,0,20061128,NA,NA,"","LEGORRETA ORDORICA JORGE"
253,0,"rp31p",127,"JOSE LUIS","LOBATO CAMPOS","conve","",1938,"m",0,0,20060829,NA,NA,"","LOBATO CAMPOS JOSE LUIS"
159,27,"tab2p",80,"ROSALINDA","LOPEZ HERNANDEZ","prd","",1967,"f",0,1,20060829,NA,NA,"","LOPEZ HERNANDEZ ROSALINDA"
147,25,"sin2p",74,"MARIO","LOPEZ VALDEZ","pri","",1957,"m",0,1,20060829,NA,NA,"","LOPEZ VALDEZ MARIO"
5,1,"ags3p",3,"CARLOS","LOZANO DE LA TORRE","pri","",1950,"m",0,0,20060829,20100119,NA,"","LOZANO DE LA TORRE CARLOS"
43,8,"cua1p",22,"GUSTAVO ENRIQUE","MADERO MUÑOZ","pan","",1955,"m",0,1,20060829,NA,NA,"","MADERO MUÑOZ GUSTAVO ENRIQUE"
246,0,"rp27s",251,"LUIS","MALDONADO VENEGAS","conve","",1956,"m",1,0,20090831,NA,NA,"","MALDONADO VENEGAS LUIS"
212,0,"rp10s",234,"ROCIO","MARTINEZ CERVANTES","pan","",NA,"",1,0,NA,NA,NA,"","MARTINEZ CERVANTES ROCIO"
236,0,"rp22s",246,"INTI","MARTINEZ GAYTAN","prd","",NA,"",1,0,NA,NA,NA,"","MARTINEZ GAYTAN INTI"
256,0,"rp32s",256,"IRMA","MARTINEZ MANRIQUEZ","panal","",NA,"f",1,0,20090831,NA,NA,"","MARTINEZ MANRIQUEZ IRMA"
18,3,"bcs3s",137,"FRANCISCA","MARTINEZ MARQUEZ","pan","",NA,"",1,0,NA,NA,NA,"","MARTINEZ MARQUEZ FRANCISCA"
69,12,"gue2p",35,"LAZARO","MAZON ALONSO","prd","",NA,"m",0,1,20060829,NA,NA,"","MAZON ALONSO LAZARO"
103,18,"nay1p",52,"RAUL","MEJIA GONZALEZ","pri","",NA,"m",0,1,20060829,NA,NA,"RAUL JOSE","MEJIA GONZALEZ RAUL"
189,32,"zac2p",95,"ANTONIO","MEJIA HARO","prd","",1957,"m",0,1,20060829,NA,NA,"","MEJIA HARO ANTONIO"
135,23,"qui2p",68,"LUDIVINA","MENCHACA CASTELLANOS","pvem","",NA,"f",0,1,20060829,NA,NA,"","MENCHACA CASTELLANOS LUDIVINA"
225,0,"rp17p",113,"JORGE","MENDOZA GARZA","pri","",NA,"m",0,0,20060829,NA,NA,"","MENDOZA GARZA JORGE"
104,18,"nay1s",180,"ROSALINDA ELENA","MONDRAGON SANTOYO","pri","",NA,"f",1,1,20110201,NA,NA,"","MONDRAGON SANTOYO ROSALINDA ELENA"
243,0,"rp26p",122,"RICARDO","MONREAL AVILA","prd","",1960,"m",0,0,20060829,20100610,20100705,"","MONREAL AVILA RICARDO"
4,1,"ags2s",130,"LEONARDO","MONTAÑEZ CASTRO","pan","",NA,"m",1,1,NA,NA,NA,"","MONTAÑEZ CASTRO LEONARDO"
105,18,"nay2p",53,"GERARDO","MONTENEGRO IBARRA","pri","",NA,"m",0,1,20060829,NA,NA,"","MONTENEGRO IBARRA GERARDO"
125,21,"pue3p",63,"MELQUIADES","MORALES FLORES","pri","",1942,"m",0,0,20060829,NA,NA,"","MORALES FLORES MELQUIADES"
21,4,"cam2p",11,"RAFAEL ALEJANDRO","MORENO CARDENAS","pri","",1975,"m",0,1,20060829,NA,NA,"","MORENO CARDENAS RAFAEL ALEJANDRO"
221,0,"rp15p",111,"MARIA DE LOS ANGELES","MORENO URIEGAS","pri","",1945,"f",0,0,20060829,NA,NA,"","MORENO URIEGAS MARIA DE LOS ANGELES"
121,21,"pue1p",61,"RAFAEL","MORENO VALLE ROSAS","pan","",1968,"m",0,1,20060829,NA,NA,"","MORENO VALLE ROSAS RAFAEL"
201,0,"rp05p",101,"RAMON","MUÑOZ GUTIERREZ","pan","",1960,"m",0,0,20060829,NA,NA,"","MUÑOZ GUTIERREZ RAMON"
12,2,"bc3s",134,"ALBERTO","MURGUIA OROZCO","pri","",NA,"m",1,0,NA,NA,NA,"","MURGUIA OROZCO ALBERTO"
77,13,"hgo3p",39,"JESUS","MURILLO KARAM","pri","",NA,"m",0,0,20060829,NA,NA,"","MURILLO KARAM JESUS"
129,22,"que2p",65,"EDUARDO TOMAS","NAVA BOLAÑOS","pan","",NA,"m",0,1,20060829,NA,NA,"","NAVA BOLAÑOS EDUARDO TOMAS"
237,0,"rp23p",119,"CARLOS","NAVARRETE RUIZ","prd","",NA,"m",0,0,20060829,NA,NA,"","NAVARRETE RUIZ CARLOS"
157,27,"tab1p",79,"ARTURO","NUÑEZ JIMENEZ","prd","",NA,"m",0,1,20060829,NA,NA,"","NUÑEZ JIMENEZ ARTURO"
13,3,"bcs1p",7,"FRANCISCO JAVIER","OBREGON ESPINOZA","pt","prd",1958,"m",0,1,20060829,NA,NA,"","OBREGON ESPINOZA FRANCISCO JAVIER"
213,0,"rp11p",107,"JORGE ANDRES","OCEJO MORENO","pan","",NA,"m",0,0,20060829,NA,NA,"","OCEJO MORENO JORGE ANDRES"
255,0,"rp32p",128,"RAFAEL","OCHOA GUZMAN","panal","",1955,"m",0,0,20060829,NA,NA,"","OCHOA GUZMAN RAFAEL"
170,29,"tla1s",213,"RICARDO","OLIVARES SANCHEZ","prd","",1967,"m",1,1,NA,NA,NA,"","OLIVARES SANCHEZ RICARDO"
39,7,"cps2p",20,"MARIA ELENA","ORANTES LOPEZ","pri","",NA,"f",0,1,20060829,NA,NA,"","ORANTES LOPEZ MARIA ELENA"
224,0,"rp16s",240,"JAVIER","OROZCO GOMEZ","pvem","",1964,"m",1,0,20060907,NA,NA,"","OROZCO GOMEZ JAVIER"
19,4,"cam1p",10,"FERNANDO EUTIMIO","ORTEGA BERNES","pri","",1958,"m",0,1,20060829,NA,NA,"","ORTEGA BERNES FERNANDO EUTIMIO"
223,0,"rp16p",112,"MARIA IRMA","ORTEGA FAJARDO","pvem","",NA,"f",0,0,20060829,20060906,NA,"juanita","ORTEGA FAJARDO MARIA IRMA"
185,31,"yuc3p",93,"IVONNE","ORTEGA PACHECO","pri","",1972,"f",0,0,20060829,20061027,NA,"IVONNE ARACELLY","ORTEGA PACHECO IVONNE"
110,19,"nl1s",183,"LUIS DAVID","ORTIZ SALINAS","pan","",NA,"m",1,1,NA,NA,NA,"","ORTIZ SALINAS LUIS DAVID"
199,0,"rp04p",100,"MARIA TERESA","ORTUÑO GURZA","pan","",1957,"f",0,0,20060829,NA,NA,"","ORTUÑO GURZA MARIA TERESA"
26,5,"coa1s",141,"CARLOS","OSUNA DAVILA","pan","",1951,"m",1,1,20110203,NA,NA,"","OSUNA DAVILA CARLOS"
59,10,"dgo3p",30,"RICARDO FIDEL","PACHECO RODRIGUEZ","pri","",NA,"m",0,0,20060829,NA,NA,"","PACHECO RODRIGUEZ RICARDO FIDEL"
151,26,"son1p",76,"GUILLERMO","PADRES ELIAS","pan","",NA,"m",0,1,20060829,NA,NA,"","PADRES ELIAS GUILLERMO"
78,13,"hgo3s",167,"ROBERTO","PEDRAZA MARTINEZ","pri","",NA,"m",1,0,NA,NA,NA,"","PEDRAZA MARTINEZ ROBERTO"
173,29,"tla3p",87,"ROSALIA","PEREDO AGUILAR","pan","",NA,"f",0,0,20060829,NA,NA,"","PEREDO AGUILAR ROSALIA"
55,10,"dgo1p",28,"RODOLFO DORADOR","PEREZ GAVILAN","pan","",1969,"m",0,1,20060829,NA,NA,"","PEREZ GAVILAN RODOLFO DORADOR"
81,14,"jal2p",41,"HECTOR","PEREZ PLAZOLA","pan","",NA,"m",0,1,20060829,NA,NA,"","PEREZ PLAZOLA HECTOR"
85,15,"mex1p",43,"YEIDCKOL","POLEVNSKY GURWITZ","prd","",NA,"f",0,1,20060829,NA,NA,"","POLEVNSKY GURWITZ YEIDCKOL"
10,2,"bc2s",133,"LORETO","QUINTERO QUINTERO","pan","",NA,"m",1,1,NA,NA,NA,"","QUINTERO QUINTERO LORETO"
101,17,"mor3p",51,"GRACO","RAMIREZ GARRIDO","prd","",1949,"m",0,0,20060829,NA,NA,"ABREU GRACO","RAMIREZ GARRIDO GRACO"
106,18,"nay2s",181,"MAGALY","RAMIREZ HERMOSILLO","pri","",NA,"f",1,1,20110201,NA,NA,"","RAMIREZ HERMOSILLO MAGALY"
231,0,"rp20p",116,"HELADIO ELIAS","RAMIREZ LOPEZ","pri","",1939,"m",0,0,20060829,NA,NA,"","RAMIREZ LOPEZ HELADIO ELIAS"
89,15,"mex3p",45,"ULISES","RAMIREZ NUÑEZ","pan","",NA,"m",0,0,20060829,NA,NA,"","RAMIREZ NUÑEZ ULISES"
29,5,"coa3p",15,"JESUS MARIA","RAMON VALDES","pri","",1938,"m",0,0,20060829,NA,NA,"","RAMON VALDES JESUS MARIA"
100,17,"mor2s",178,"LETICIA","RIVERA CISNEROS","pan","",1965,"f",1,1,NA,NA,NA,"MARTHA LETICIA","RIVERA CISNEROS LETICIA"
97,17,"mor1p",49,"ADRIAN","RIVERA PEREZ","pan","",1962,"m",0,1,20060829,NA,NA,"","RIVERA PEREZ ADRIAN"
190,32,"zac2s",223,"MARTINA","RODRIGUEZ GARCIA","prd","",NA,"",1,1,NA,NA,NA,"","RODRIGUEZ GARCIA MARTINA"
192,32,"zac3s",224,"GABRIEL","RODRIGUEZ MEDINA","pan","",NA,"",1,0,NA,NA,NA,"","RODRIGUEZ MEDINA GABRIEL"
183,31,"yuc2p",92,"ALFREDO","RODRIGUEZ Y PACHECO","pan","",1959,"m",0,1,20060829,NA,NA,"","RODRIGUEZ Y PACHECO ALFREDO"
241,0,"rp25p",121,"MARIA","ROJO E INCHAUSTEGUI","prd","",NA,"f",0,0,20060829,NA,NA,"","ROJO E INCHAUSTEGUI MARIA"
35,6,"col3p",18,"ROGELIO HUMBERTO","RUEDA SANCHEZ","pri","",NA,"m",0,0,20060829,NA,NA,"","RUEDA SANCHEZ ROGELIO HUMBERTO"
8,2,"bc1s",132,"ERNESTO","RUFFO APPEL","pan","",1952,"m",1,1,NA,NA,NA,"","RUFFO APPEL ERNESTO"
209,0,"rp09p",105,"GABRIELA","RUIZ DEL RINCON","pan","",NA,"f",0,0,20060829,NA,NA,"","RUIZ DEL RINCON GABRIELA"
163,28,"tam1p",82,"JOSE JULIAN","SACRAMENTO GARZA","pan","",NA,"m",0,1,20060829,NA,NA,"","SACRAMENTO GARZA JOSE JULIAN"
169,29,"tla1p",85,"ALFONSO","SANCHEZ ANAYA","prd","",NA,"m",0,1,20060829,NA,NA,"ALFONSO ABRAHAM","SANCHEZ ANAYA ALFONSO"
27,5,"coa2p",14,"ERNESTO","SARO BOARDMAN","pan","",1950,"m",0,1,20060829,NA,NA,"","SARO BOARDMAN ERNESTO"
150,25,"sin3s",203,"MARIA","SERRANO SERRANO","pan","",1947,"",1,0,20061207,NA,NA,"","SERRANO SERRANO MARIA"
31,6,"col1p",16,"MARTHA LETICIA","SOSA GOVEA","pan","",NA,"f",0,1,20060829,NA,NA,"","SOSA GOVEA MARTHA LETICIA"
249,0,"rp29p",125,"CARLOS","SOTELO GARCIA","prd","",1961,"m",0,0,20060829,NA,NA,"","SOTELO GARCIA CARLOS"
127,22,"que1p",64,"GUILLERMO ENRIQUE","TAMBORREL SUAREZ","pan","",1960,"m",0,1,20060829,NA,NA,"","TAMBORREL SUAREZ GUILLERMO ENRIQUE"
119,20,"oax3p",60,"ADOLFO JESUS","TOLEDO INFANZON","pri","",1961,"m",0,0,20060829,NA,NA,"","TOLEDO INFANZON ADOLFO JESUS"
187,32,"zac1p",94,"TOMAS","TORRES MERCADO","prd","",NA,"m",0,1,20060829,NA,NA,"","TORRES MERCADO TOMAS"
207,0,"rp08p",104,"RICARDO","TORRES ORIGEL","pan","",NA,"m",0,0,20060829,NA,NA,"","TORRES ORIGEL RICARDO"
191,32,"zac3p",96,"JOSE ISABEL","TREJO REYES","pan","",1959,"m",0,0,20060829,NA,NA,"","TREJO REYES JOSE ISABEL"
222,0,"rp15s",239,"AMADO FRANCISCO","TREVIÑO ABATTE","pri","",NA,"",1,0,NA,NA,NA,"","TREVIÑO ABATTE AMADO FRANCISCO"
156,26,"son3s",206,"FERMIN","TRUJILLO FUENTES","pri","",1966,"m",1,0,20090831,NA,NA,"","TRUJILLO FUENTES FERMIN"
37,7,"cps1p",19,"MANUEL","VELASCO COELLO","pvem","",NA,"m",0,1,20060829,NA,NA,"","VELASCO COELLO MANUEL"
41,7,"cps3p",21,"RUBEN FERNANDO","VELAZQUEZ LOPEZ","prd","",NA,"m",0,0,20060829,NA,NA,"","VELAZQUEZ LOPEZ RUBEN FERNANDO"
148,25,"sin2s",202,"MARGARITA","VILLAESCUSA ROJO","pri","",1964,"f",1,1,20100323,NA,NA,"","VILLAESCUSA ROJO MARGARITA"
63,11,"gua2p",32,"LUIS ALBERTO","VILLARREAL GARCIA","pan","",NA,"m",0,1,20060829,NA,NA,"","VILLARREAL GARCIA LUIS ALBERTO"
218,0,"rp13s",237,"ALFREDO","VILLEGAS ARREOLA","pri","",NA,"",1,0,NA,NA,NA,"","VILLEGAS ARREOLA ALFREDO"
245,0,"rp27p",123,"LUIS","WALTON ABURTO","conve","",1949,"m",0,0,20060829,NA,NA,"","WALTON ABURTO LUIS"
235,0,"rp22p",118,"ROSARIO","YBARRA DE LA GARZA","pt","prd",1927,"f",0,0,20060829,NA,NA,"","YBARRA DE LA GARZA ROSARIO"
48,8,"cua3s",152,"NORA ELENA","YU HERNANDEZ","pri","",NA,"f",1,0,NA,NA,NA,"","YU HERNANDEZ NORA ELENA"
139,24,"san1p",70,"ALEJANDRO","ZAPATA PEROGORDO","pan","",1958,"m",0,1,20060829,NA,NA,"JOSE ALEJANDRO","ZAPATA PEROGORDO ALEJANDRO"
181,31,"yuc1p",91,"MARIA BEATRIZ","ZAVALA PENICHE","pan","",1957,"f",0,1,20060829,NA,NA,"","ZAVALA PENICHE MARIA BEATRIZ"
186,31,"yuc3s",221,"RENAN CLEOMINIO","ZOREDA NOVELO","pri","",1950,"m",1,0,20061030,NA,NA,"","ZOREDA NOVELO RENAN CLEOMINIO"
14,3,"bcs1s",135,"LUIS","ZUÑIGA ESPINOZA","prd","",NA,"m",1,1,NA,NA,NA,"","ZUÑIGA ESPINOZA LUIS"
16,3,"bcs2s",136,"","","prd","",NA,"",1,1,NA,NA,NA,""," "
22,4,"cam2s",139,"","","pri","",NA,"",1,1,NA,NA,NA,""," "
28,5,"coa2s",142,"","","pan","",NA,"",1,1,NA,NA,NA,""," "
30,5,"coa3s",143,"","","pri","",NA,"",1,0,NA,NA,NA,""," "
32,6,"col1s",144,"","","pan","",NA,"",1,1,NA,NA,NA,""," "
34,6,"col2s",145,"","","pan","",NA,"",1,1,NA,NA,NA,""," "
36,6,"col3s",146,"","","pri","",NA,"",1,0,NA,NA,NA,""," "
38,7,"cps1s",147,"","","pvem","",NA,"",1,1,NA,NA,NA,""," "
40,7,"cps2s",148,"","","pri","",NA,"",1,1,NA,NA,NA,""," "
42,7,"cps3s",149,"","","prd","",NA,"",1,0,NA,NA,NA,""," "
46,8,"cua2s",151,"","","pan","",NA,"",1,1,NA,NA,NA,""," "
50,9,"df1s",153,"","","prd","",NA,"",1,1,NA,NA,NA,""," "
52,9,"df2s",154,"","","prd","",NA,"",1,1,NA,NA,NA,""," "
54,9,"df3s",155,"","","pan","",NA,"",1,0,NA,NA,NA,""," "
56,10,"dgo1s",156,"","","pan","",NA,"",1,1,NA,NA,NA,""," "
58,10,"dgo2s",157,"","","pan","",NA,"",1,1,NA,NA,NA,""," "
60,10,"dgo3s",158,"","","pri","",NA,"",1,0,NA,NA,NA,""," "
62,11,"gua1s",159,"","","pan","",NA,"",1,1,NA,NA,NA,""," "
64,11,"gua2s",160,"","","pan","",NA,"",1,1,NA,NA,NA,""," "
66,11,"gua3s",161,"","","pri","",NA,"",1,0,NA,NA,NA,""," "
74,13,"hgo1s",165,"","","prd","",NA,"",1,1,NA,NA,NA,""," "
76,13,"hgo2s",166,"","","conve","",NA,"",1,1,NA,NA,NA,""," "
82,14,"jal2s",169,"","","pan","",NA,"",1,1,NA,NA,NA,""," "
84,14,"jal3s",170,"","","pri","",NA,"",1,0,NA,NA,NA,""," "
88,15,"mex2s",172,"","","prd","",NA,"",1,1,NA,NA,NA,""," "
90,15,"mex3s",173,"","","pan","",NA,"",1,0,NA,NA,NA,""," "
94,16,"mic2s",175,"","","prd","",NA,"",1,1,NA,NA,NA,""," "
108,18,"nay3s",182,"","","prd","",NA,"",1,0,NA,NA,NA,""," "
114,19,"nl3s",185,"","","pri","",NA,"",1,0,NA,NA,NA,""," "
120,20,"oax3s",188,"","","pri","",NA,"",1,0,NA,NA,NA,""," "
124,21,"pue2s",190,"","","pan","",NA,"",1,1,NA,NA,NA,""," "
126,21,"pue3s",191,"","","pri","",NA,"",1,0,NA,NA,NA,""," "
130,22,"que2s",193,"","","pan","",NA,"",1,1,NA,NA,NA,""," "
134,23,"qui1s",195,"","","pri","",NA,"",1,1,NA,NA,NA,""," "
136,23,"qui2s",196,"","","pvem","",NA,"",1,1,NA,NA,NA,""," "
138,23,"qui3s",197,"","","prd","",NA,"",1,0,NA,NA,NA,""," "
140,24,"san1s",198,"","","pan","",NA,"",1,1,NA,NA,NA,""," "
142,24,"san2s",199,"","","pan","",NA,"",1,1,NA,NA,NA,""," "
144,24,"san3s",200,"","","pri","",NA,"",1,0,NA,NA,NA,""," "
146,25,"sin1s",201,"","","pri","",NA,"",1,1,NA,NA,NA,""," "
154,26,"son2s",205,"","","pan","",NA,"",1,1,NA,NA,NA,""," "
158,27,"tab1s",207,"","","prd","",NA,"",1,1,NA,NA,NA,""," "
162,27,"tab3s",209,"","","pri","",NA,"",1,0,NA,NA,NA,""," "
164,28,"tam1s",210,"","","pan","",NA,"",1,1,NA,NA,NA,""," "
168,28,"tam3s",212,"","","pri","",NA,"",1,0,NA,NA,NA,""," "
172,29,"tla2s",214,"","","prd","",NA,"",1,1,NA,NA,NA,""," "
174,29,"tla3s",215,"","","pan","",NA,"",1,0,NA,NA,NA,""," "
176,30,"ver1s",216,"","","conve","",NA,"",1,1,NA,NA,NA,""," "
178,30,"ver2s",217,"","","prd","",NA,"",1,1,NA,NA,NA,""," "
180,30,"ver3s",218,"","","pan","",NA,"",1,0,NA,NA,NA,""," "
188,32,"zac1s",222,"","","prd","",NA,"",1,1,NA,NA,NA,""," "
196,0,"rp02s",226,"","","pan","",NA,"",1,0,NA,NA,NA,""," "
198,0,"rp03s",227,"","","pan","",NA,"",1,0,NA,NA,NA,""," "
200,0,"rp04s",228,"","","pan","",NA,"",1,0,NA,NA,NA,""," "
202,0,"rp05s",229,"","","pan","",NA,"",1,0,NA,NA,NA,""," "
204,0,"rp06s",230,"","","pan","",NA,"",1,0,NA,NA,NA,""," "
206,0,"rp07s",231,"","","pan","",NA,"",1,0,NA,NA,NA,""," "
208,0,"rp08s",232,"","","pan","",NA,"",1,0,NA,NA,NA,""," "
210,0,"rp09s",233,"","","pan","",NA,"",1,0,NA,NA,NA,""," "
214,0,"rp11s",235,"","","pan","",NA,"",1,0,NA,NA,NA,""," "
226,0,"rp17s",241,"","","pri","",NA,"",1,0,NA,NA,NA,""," "
228,0,"rp18s",242,"","","pvem","",NA,"",1,0,NA,NA,NA,""," "
234,0,"rp21s",245,"","","pri","",NA,"",1,0,NA,NA,NA,""," "
238,0,"rp23s",247,"","","prd","",NA,"",1,0,NA,NA,NA,""," "
240,0,"rp24s",248,"","","pt","",NA,"",1,0,NA,NA,NA,""," "
242,0,"rp25s",249,"","","prd","",NA,"",1,0,NA,NA,NA,""," "
250,0,"rp29s",253,"","","prd","",NA,"",1,0,NA,NA,NA,""," "
252,0,"rp30s",254,"","","prd","",NA,"",1,0,NA,NA,NA,""," "
