"leg","ord","ses","vid","file","fch","ayes","nays","abst","tit"
60,101140,"60_1",375,"12.html",20060905,76,32,11,"Juanita Licencia por tiempo indefinido, a partir del 5 de septiembre de 2006, para separarse de sus funciones legislativas a la Senadora María Irma Ortega Fajardo"
60,101902,"60_1",377,"19.html",20060905,68,50,0,"Proposición con punto de Acuerdo relativo a los atentados sufridos por el periódico “Por Esto”, de Mérida, Yucatán, con base en lo dispuesto en los artículos 58 y 59 del Reglamento para el Gobierno Interior del Congreso General de los Estados Unidos Mexicanos, y en razón de las siguientes"
60,102279,"60_1",378,"34.html",20060912,82,0,0,"Minuta proyecto de Decreto que reforma y adiciona diversas disposiciones de la Ley Orgánica del Congreso General de los Estados Unidos Mexicanos."
60,102550,"60_1",379,"76.html",20060926,29,77,0,"TIT MISSING"
60,103024,"60_1",380,"80.html",20060928,88,0,0,"Proyecto de Decreto por el que se solicita autorización para que el ciudadano Presidente de los Estados Unidos Mexicanos, Vicente Fox Quesada, pueda ausentarse del territorio nacional los días 9 y 10 de octubre de 2006, con el propósito de realizar una visita de trabajo a la República de Guatemala."
60,103309,"60_1",381,"133.html",20061017,90,0,4,"Acuerdo suscrito por los integrantes de la Junta de Coordinación Política, por el que se emiten las reglas provisionales en relación con la Gaceta del Senado."
60,103670,"60_1",382,"133.html",20061017,89,0,0,"Acuerdo suscrito por los integrantes de la Junta de Coordinación Política, por el que se emiten las reglas provisionales en relación con la Gaceta del Senado."
60,103975,"60_1",386,"155.html",20061030,79,23,3,"DECRETO POR EL QUE SE CONCEDE AUTORIZACION AL C. PRESIDENTE DE LOS ESTADOS UNIDOS MEXICANOS, VICENTE FOX QUESADA, PARA AUSENTARSE DEL TERRITORIO NACIONAL DEL 10 AL 19 DE NOVIEMBRE DE 2006, A EFECTO DE QUE REALICE UNA VISITA DE TRABAJO A LA COMUNIDAD DE AUSTRALIA, DEL 12 AL 16 DE NOVIEMBRE, ASI COMO DEL 16 AL 19 DE NOVIEMBRE PARA QUE PARTICIPE EN LA XIV REUNION DE LIDERES DEL FORO DE COOPERACION ECONOMICA ASIA-PACIFICO (APEC), QUE SE CELEBRARA EN LA CIUDAD DE HANOI, REPUBLICA SOCIALISTA DE VIETNAM"
60,104316,"60_1",387,"165.html",20061031,115,0,0,"PROYECTO DE DECRETO EN RELACION CON LAS TERNAS ENVIADAS POR LA SUPREMA CORTE DE JUSTICIA DE LA NACION PARA ELEGIR MAGISTRADOS DE LA SALA SUPERIOR DEL TRIBUNAL ELECTORAL DEL PODER JUDICIAL DE LA FEDERACION"
60,104899,"60_1",388,"165.html",20061031,58,59,0,"PROYECTO DE DECRETO EN RELACION CON LAS TERNAS ENVIADAS POR LA SUPREMA CORTE DE JUSTICIA DE LA NACION PARA ELEGIR MAGISTRADOS DE LA SALA SUPERIOR DEL TRIBUNAL ELECTORAL DEL PODER JUDICIAL DE LA FEDERACION"
60,105412,"60_1",383,"179.html",20061024,90,0,0,"PERMISOS PARA ACEPTAR Y USAR CONDECORACIONES"
60,105703,"60_1",384,"180.html",20061024,84,0,0,"PROYECTO DE DECRETO POR EL QUE SE CONCEDE AUTORIZACION AL C. VICENTE FOX QUESADA, PRESIDENTE DE LOS ESTADOS UNIDOS MEXICANOS, PARA AUSENTARSE DEL TERRITORIO NACIONAL DEL 3 AL 6 DE NOVIEMBRE DE 2006, CON EL PROPOSITO DE PARTICIPAR EN LA XVI CUMBRE IBEROAMERICANA DE JEFES DE ESTADO, QUE SE REALIZARA EN MONTEVIDEO, REPUBLICA ORIENTAL DEL URUGUAY, EL 4 Y 5 DE NOVIEMBRE DE 2006"
60,105976,"60_1",385,"194.html",20061026,39,37,0,"TIT MISSING"
60,106622,"60_1",389,"209.html",20061107,80,2,20,"Punto de Acuredo Se exhorta a la administración entrante a que en el Plan Nacional de Desarrollo 2007-2012 contemple la creación de un programa especial de combate al desempleo, donde se delimiten las estrategias y acciones a seguir para elevar el nivel y la calidad del empleo en el país. si es de aprobarse el punto de Acuerdo"
60,107523.9,"60_1",390,"209.html",20061107,38,49,0,"si autoriza ampliar el tiempo para la sesión"
60,107792,"60_1",391,"215.html",20061109,65,45,0,"TIT MISSING"
60,108142,"60_1",392,"236.html",20061114,101,0,0,"PERMISOS PARA ACEPTAR Y USAR CONDECORACIONES, PARA DESEMPEÑAR CARGOS DE CONSULES HONORARIOS Y PARA PRESTAR SERVICIOS"
60,108798,"60_1",394,"241.html",20061114,48,41,0,"TIT MISSING"
60,109412,"60_1",395,"263.html",20061123,105,0,1,"DECRETO QUE REFORMA Y ADICIONA LOS ARTICULOS 39 Y 43 DE LA LEY ORGANICA DEL CONGRESO GENERAL DE LOS ESTADOS UNIDOS MEXICANOS"
60,109751,"60_1",396,"264.html",20061123,98,0,1,"PROYECTO DE DECRETO QUE REFORMA, ADICIONA Y DEROGA DIVERSAS DISPOSICIONES DE LA LEY DE COMERCIO EXTERIOR"
60,110071,"60_1",402,"289.html",20061216,106,0,0,"PROYECTO DE DECRETO EN RELACION CON LA TERNA ENVIADA POR LA SUPREMA CORTE DE JUSTICIA DE LA NACION PARA ELEGIR UN MAGISTRADO DE LA SALA SUPERIOR DEL TRIBUNAL ELECTORAL DEL PODER JUDICIAL DE LA FEDERACION"
60,110731,"60_1",398,"404.html",20061212,85,15,11,"PROYECTO DE DECRETO EN RELACION CON LA TERNA DE CANDIDATOS A MINISTRO DE LA SUPREMA CORTE DE JUSTICIA DE LA NACION"
60,111101,"60_1",399,"410.html",20061214,107,0,0,"SEGUNDO PROTOCOLO ADICIONAL DEL ACUERDO DE ASOCIACION ECONOMICA, CONCERTACION POLITICA Y COOPERACION ENTRE LOS ESTADOS UNIDOS MEXICANOS, POR UNA PARTE, Y LA COMUNIDAD EUROPEA Y SUS ESTADOS MIEMBROS, POR OTRA, FIRMADO EN LA CIUDAD DE MEXICO EL 29 DE NOVIEMBRE DE 2006"
60,111443,"60_1",400,"418.html",20061214,108,0,0,"PERMISOS PARA ACEPTAR Y USAR CONDECORACIONES, PARA ACEPTAR Y DESEMPEÑAR CARGO DE CONSUL HONORARIO Y PARA PRESTAR SERVICIOS"
60,111790,"60_1",401,"435.html",20061214,105,0,0,"PROYECTO DE DECRETO QUE EXPIDE LA LEY GENERAL DE ACCESO DE LAS MUJERES A UNA VIDA LIBRE DE VIOLENCIA"
60,112132,"60_1",412,"451.html",20061220,85,0,28,"PROYECTO DE DECRETO POR EL QUE SE CONCEDE AUTORIZACION AL CIUDADANO FELIPE DE JESUS CALDERON HINOJOSA, PRESIDENTE CONSTITUCIONAL DE LOS ESTADOS UNIDOS MEXICANOS, PARA AUSENTARSE DEL TERRITORIO NACIONAL LOS DIAS 9 Y 10 DE ENERO DE 2007,A EFECTO DE PARTICIPAR EN LA CEREMONIA DE TRANSMISION DEL MANDO PRESIDENCIAL EN LA REPUBLICA DE NICARAGUA"
60,112493,"60_1",413,"452.html",20061220,87,0,27,"PROYECTO DE DECRETO POR EL QUE SE CONCEDE AUTORIZACION AL CIUDADANO FELIPE DE JESUS CALDERON HINOJOSA, PRESIDENTE CONSTITUCIONAL DE LOS ESTADOS UNIDOS MEXICANOS, PARA AUSENTARSE DEL TERRITORIO NACIONAL LOS DIAS 15 Y 16 DE ENERO DE 2007, A FIN DE EFECTUAR UNA VISITA A LA REPUBLICA DE EL SALVADOR, PARA PARTICIPAR EN LA CELEBRACION DEL XV ANIVERSARIO DE LA SUSCRIPCION DE LOS ACUERDOS DE PAZ"
60,112856,"60_1",414,"453.html",20061220,72,55,0,"PROYECTO DE DECRETO QUE REFORMA, ADICIONA Y DEROGA DIVERSAS DISPOSICIONES DEL CODIGO FISCAL DE LA FEDERACION; DE LAS LEYES DE LOS IMPUESTOS SOBRE LA RENTA, AL ACTIVO Y ESPECIAL SOBRE PRODUCCION Y SERVICIOS; DE LA LEY FEDERAL DEL IMPUESTO SOBRE AUTOMOVILES NUEVOS, Y DE LA LEY FEDERAL DE PROCEDIMIENTO CONTENCIOSO ADMINISTRATIVO"
60,113269,"60_1",415,"453.html",20061220,128,0,0,"PROYECTO DE DECRETO QUE REFORMA, ADICIONA Y DEROGA DIVERSAS DISPOSICIONES DEL CODIGO FISCAL DE LA FEDERACION; DE LAS LEYES DE LOS IMPUESTOS SOBRE LA RENTA, AL ACTIVO Y ESPECIAL SOBRE PRODUCCION Y SERVICIOS; DE LA LEY FEDERAL DEL IMPUESTO SOBRE AUTOMOVILES NUEVOS, Y DE LA LEY FEDERAL DE PROCEDIMIENTO CONTENCIOSO ADMINISTRATIVO"
60,113675,"60_1",416,"453.html",20061220,124,0,0,"PROYECTO DE DECRETO QUE REFORMA, ADICIONA Y DEROGA DIVERSAS DISPOSICIONES DEL CODIGO FISCAL DE LA FEDERACION; DE LAS LEYES DE LOS IMPUESTOS SOBRE LA RENTA, AL ACTIVO Y ESPECIAL SOBRE PRODUCCION Y SERVICIOS; DE LA LEY FEDERAL DEL IMPUESTO SOBRE AUTOMOVILES NUEVOS, Y DE LA LEY FEDERAL DE PROCEDIMIENTO CONTENCIOSO ADMINISTRATIVO"
60,114069,"60_1",417,"453.html",20061220,121,0,0,"PROYECTO DE DECRETO QUE REFORMA, ADICIONA Y DEROGA DIVERSAS DISPOSICIONES DEL CODIGO FISCAL DE LA FEDERACION; DE LAS LEYES DE LOS IMPUESTOS SOBRE LA RENTA, AL ACTIVO Y ESPECIAL SOBRE PRODUCCION Y SERVICIOS; DE LA LEY FEDERAL DEL IMPUESTO SOBRE AUTOMOVILES NUEVOS, Y DE LA LEY FEDERAL DE PROCEDIMIENTO CONTENCIOSO ADMINISTRATIVO"
60,114461,"60_1",418,"454.html",20061220,127,0,0,"DECRETO QUE REFORMA LA LEY DEL IMPUESTO ESPECIAL SOBRE PRODUCCION Y SERVICIOS"
60,114864,"60_1",419,"455.html",20061220,115,0,0,"DECRETO QUE REFORMA EL PRIMER PARRAFO DEL ARTICULO 21 DE LA LEY DE DESARROLLO RURAL SUSTENTABLE"
60,115230,"60_1",420,"456.html",20061220,110,0,0,"CONVENCION INTERNACIONAL CONTRA EL DOPAJE EN EL DEPORTE, ADOPTADA EN PARIS EL 19 DE OCTUBRE DE 2005"
60,115581,"60_1",421,"491.html",20061221,120,0,0,"PROYECTO DE LEY DE INGRESOS DE LA FEDERACION PARA EL EJERCICIO FISCAL DE 2007"
60,115985.9,"60_1",422,"491.html",20061221,103,13,0,"PROYECTO DE LEY DE INGRESOS DE LA FEDERACION PARA EL EJERCICIO FISCAL DE 2007 art reservado"
60,116343,"60_1",423,"492.html",20061221,109,2,3,"PROYECTO DE DECRETO QUE ADICIONA UN SEGUNDO PARRAFO AL ARTICULO DECIMO TERCERO TRANSITORIO DE LA LEY GENERAL DE BIENES NACIONALES"
60,116707,"60_1",403,"503.html",20061219,107,1,0,"LEY GENERAL DE ACCESO DE LAS MUJERES A UNA VIDA LIBRE DE VIOLENCIA"
60,117054,"60_1",404,"504.html",20061219,105,0,0,"DECRETO POR EL QUE SE REFORMAN LOS ARTICULOS 419, 420, 421 Y 422; Y SE ADICIONA UN ARTICULO 421 BIS DE LA LEY GENERAL DE SALUD"
60,117390,"60_1",405,"505.html",20061219,102,0,0,"PROYECTO DE DECRETO QUE REFORMA LOS ARTICULOS 29, 73, 90, 92, 93, 95, 110 Y 111 DE LA CONSTITUCION POLITICA DE LOS ESTADOS UNIDOS MEXICANOS"
60,117718,"60_1",406,"506.html",20061219,97,0,0,"PROYECTO DE DECRETO QUE REFORMA EL PRIMER PARRAFO DEL ARTICULO 108 DE LA CONSTITUCION POLITICA DE LOS ESTADOS UNIDOS MEXICANOS"
60,118031,"60_1",407,"507.html",20061219,95,1,2,"PROYECTO DE DECRETO QUE REFORMA LA FRACCION X DEL ARTICULO 73 DE LA CONSTITUCION POLITICA DE LOS ESTADOS UNIDOS MEXICANOS"
60,118346,"60_1",408,"508.html",20061219,90,0,0,"PROYECTO DE DECRETO POR EL QUE SE REFORMA LA FRACCION V DEL ARTICULO 55 DE LA CONSTITUCION POLITICA DE LOS ESTADOS UNIDOS MEXICANOS"
60,118637,"60_1",409,"509.html",20061219,93,0,0,"PROYECTO DE DECRETO QUE REFORMA LA FRACCION VI DEL ARTICULO 82 DE LA CONSTITUCION POLITICA DE LOS ESTADOS UNIDOS MEXICANOS"
60,118963,"60_1",410,"513.html",20061219,88,0,0,"DECRETO QUE REFORMA, ADICIONA Y DEROGA DIVERSAS DISPOSICIONES DE LA LEY FEDERAL DE DERECHOS"
60,119249,"60_1",411,"514.html",20061219,89,0,0,"DECRETO QUE REFORMA, ADICIONA Y DEROGA DIVERSAS DISPOSICIONES DE LA LEY DE COORDINACION FISCAL Y DE LA LEY FEDERAL DE PRESUPUESTO Y RESPONSABILIDAD HACENDARIA"
60,119539,"60_1",425,"571.html",20070208,111,0,0,"PROYECTO DE DECRETO POR EL QUE SE ADICIONA UNA FRACCION XXIX-N AL ARTICULO 73 DE LA CONSTITUCION POLITICA DE LOS ESTADOS UNIDOS MEXICANOS"
60,119893,"60_1",426,"601.html",20070213,109,0,1,"PROYECTO DE LEY PARA LA REFORMA DEL ESTADO"
60,120245,"60_1",430,"648.html",20070222,80,27,1,"TIT MISSING"
60,120604,"60_1",427,"657.html",20070220,109,0,0,"DECLARACIONES DE LOS ESTADOS UNIDOS MEXICANOS AL PROTOCOLO SOBRE CUESTIONES ESPECIFICAS DE LOS ELEMENTOS DE EQUIPO AERONAUTICO, DEL CONVENIO RELATIVO A GARANTIAS INTERNACIONALES SOBRE ELEMENTOS DE EQUIPO MOVIL Y LAS DECLARACIONES DE LOS ESTADOS UNIDOS MEXICANOS AL CONVENIO RELATIVO A GARANTIAS INTERNACIONALES SOBRE ELEMENTOS DE EQUIPO MOVIL, ADOPTADAS POR EL GOBIERNO DE MEXICO EL 16 DE NOVIEMBRE DE 2001, EN CIUDAD DEL CABO, EN EL MARCO DEL INSTITUTO INTERNACIONAL PARA LA UNIFICACION DEL DERECHO PRIVADO (UNIDROIT)"
60,120955,"60_1",428,"658.html",20070220,118,0,0,"DECRETO POR EL QUE SE REFORMAN, ADICIONAN Y DEROGAN DIVERSAS DISPOSICIONES DEL CODIGO PENAL FEDERAL, DEL CODIGO FEDERAL DE PROCEDIMIENTOS PENALES Y DE LA LEY FEDERAL CONTRA LA DELINCUENCIA ORGANIZADA, EN MATERIA DE EXPLOTACION SEXUAL INFANTIL"
60,121331,"60_1",429,"659.html",20070220,98,0,1,"PROYECTO DE DECRETO POR EL QUE SE REFORMAN Y ADICIONAN LOS ARTICULOS 267 Y 323 TER DEL CODIGO CIVIL FEDERAL"
60,121651,"60_1",431,"674.html",20070227,79,0,20,"PROYECTO DE DECRETO POR EL QUE SE CONCEDE AUTORIZACION AL PRESIDENTE DE LOS ESTADOS UNIDOS MEXICANOS, FELIPE DE JESUS CALDERON HINOJOSA, PARA AUSENTARSE DEL TERRITORIO NACIONAL LOS DIAS 2 Y 3 DE MARZO DE 2007, CON EL PROPOSITO DE REALIZAR UNA VISITA A LA CIUDAD DE GEORGETOWN, REPUBLICA COOPERATIVA DE GUYANA, PARA PARTICIPAR EN LA XIX REUNION DE JEFES DE ESTADO Y DE GOBIERNO DEL MECANISMO PERMANENTE DE CONSULTA Y CONCERTACION POLITICA, GRUPO DE RIO"
60,121969,"60_1",432,"685.html",20070227,103,0,0,"CONVENIO ENTRE EL GOBIERNO DE LOS ESTADOS UNIDOS MEXICANOS Y EL GOBIERNO DE CANADA PARA EVITAR LA DOBLE IMPOSICION Y PREVENIR LA EVASION FISCAL EN MATERIA DE IMPUESTOS SOBRE LA RENTA, FIRMADO EN LA CIUDAD DE MEXICO, EL 12 DE SEPTIEMBRE DE 2006"
60,122301,"60_1",433,"709.html",20070301,98,0,0,"RATIFICACION DE NOMBRAMIENTO DIPLOMATICO"
60,122627,"60_1",434,"720.html",20070301,95,0,0,"PROYECTO DE DECRETO POR EL QUE SE REFORMA EL ARTICULO 419 Y SE ADICIONA UN ARTICULO 48 BIS DE LA LEY GENERAL DE SALUD"
60,122934,"60_1",435,"739.html",20070306,99,0,0,"RATIFICACION DE NOMBRAMIENTOS DIPLOMATICOS"
60,123312,"60_1",436,"739.html",20070306,95,0,4,"RATIFICACION DE NOMBRAMIENTOS DIPLOMATICOS"
60,123630,"60_1",437,"751.html",20070306,102,0,1,"DECRETO QUE DEROGA LOS ARTICULOS 350, 351, 352, 353, 354, 355, 356, 357, 358, 359, 360, 361, 362 Y 363 DEL CODIGO PENAL FEDERAL; Y SE ADICIONAN LOS PARRAFOS SEXTO CON CUATRO FRACCIONES, SEPTIMO Y OCTAVO AL ARTICULO 1916 Y EL PARRAFO TERCERO AL ARTICULO 1916 BIS DEL CODIGO CIVIL FEDERAL"
60,123954,"60_1",438,"752.html",20070306,103,0,1,"ACUERDO ENTRE LOS ESTADOS UNIDOS MEXICANOS Y LA REPUBLICA DE TRINIDAD Y TOBAGO PARA LA PROMOCION Y PROTECCION RECIPROCA DE LAS INVERSIONES, FIRMADO EN LA CIUDAD DE PUERTO ESPAÑA, TRINIDAD Y TOBAGO, EL 3 DE OCTUBRE DE 2006"
60,124288,"60_1",439,"753.html",20070306,101,0,0,"DECRETO QUE REFORMA LOS ARTICULOS 12, 32, 89, 90, 92 Y 93 DE LA LEY GENERAL DE SOCIEDADES COOPERATIVAS"
60,124613,"60_1",440,"754.html",20070306,104,0,0,"PROYECTO DE DECRETO QUE REFORMA EL ARTICULO 247 DEL CODIGO PENAL FEDERAL"
60,124947,"60_1",441,"755.html",20070306,97,0,0,"DECRETO QUE REFORMA EL PARRAFO UNICO DEL ARTICULO 387 DEL CODIGO FEDERAL DE PROCEDIMIENTOS PENALES"
60,125260,"60_1",442,"766.html",20070308,96,0,1,"RATIFICACION DE NOMBRAMIENTOS DIPLOMATICOS"
60,125617,"60_1",443,"766.html",20070308,101,0,1,"RATIFICACION DE NOMBRAMIENTOS DIPLOMATICOS"
60,125985,"60_1",444,"766.html",20070308,108,0,2,"RATIFICACION DE NOMBRAMIENTOS DIPLOMATICOS"
60,126345,"60_1",445,"779.html",20070308,68,45,0,"TIT MISSING"
60,126707,"60_1",446,"780.html",20070308,100,0,0,"TRATADO DE EXTRADICION ENTRE LOS ESTADOS UNIDOS MEXICANOS Y LA REPUBLICA DEL ECUADOR, FIRMADO EN LA CIUDAD DE MEXICO, EL 24 DE ABRIL DE 2006"
60,127027,"60_1",447,"781.html",20070308,70,0,17,"ACUERDO SOBRE LOS PRIVILEGIOS E INMUNIDADES DE LA CORTE PENAL INTERNACIONAL, ADOPTADO EN NUEVA YORK, EL 9 DE SEPTIEMBRE DE 2002"
60,127378,"60_1",448,"783.html",20070308,74,0,4,"PERMISOS PARA ACEPTAR Y USAR CONDECORACIONES, PARA PRESTAR SERVICIOS Y PARA DESEMPEÑAR CARGO DE CONSUL HONORARIO"
60,127635,"60_1",449,"783.html",20070308,52,17,7,"PERMISOS PARA ACEPTAR Y USAR CONDECORACIONES, PARA PRESTAR SERVICIOS Y PARA DESEMPEÑAR CARGO DE CONSUL HONORARIO"
60,127887,"60_1",450,"808.html",20070313,77,2,24,"PERMISO PARA ACEPTAR Y USAR CONDECORACION"
60,128217,"60_1",451,"809.html",20070313,85,9,0,"PROYECTO DE DECRETO POR EL QUE SE REFORMA EL ARTICULO 3o. DEL DECRETO QUE AUTORIZO AL EJECUTIVO FEDERAL A FIRMAR, EN REPRESENTACION DEL GOBIERNO DE MEXICO, EL TEXTO DEL CONVENIO SOBRE EL FONDO MONETARIO INTERNACIONAL"
60,128520,"60_1",452,"810.html",20070313,106,0,0,"PROYECTO DE DECRETO QUE REFORMA LOS ARTICULOS 75, 115, 123Y 127 DE LA CONSTITUCION POLITICA DE LOS ESTADOS UNIDOS MEXICANOSVotaremos el dictamen con las modificaciones y adiciones planteadas por el Senador Pedro Joaquín Coldwell a nombre de la comisión. Es votación calificada."
60,128863,"60_1",453,"817.html",20070313,55,18,3,"TIT MISSING"
60,129112,"60_1",454,"848.html",20070315,88,0,1,"DECRETO QUE REFORMA EL ARTICULO 164 DE LA LEY GENERAL DE SALUD"
60,129401,"60_1",455,"849.html",20070315,84,0,0,"PROYECTO DE DECRETO QUE ADICIONA EL DIVERSO QUE ESTABLECE LAS CARACTERISTICAS DE LAS MONEDAS CONMEMORATIVAS DEL 500 ANIVERSARIO DEL ENCUENTRO DE DOS CULTURAS"
60,129674,"60_1",456,"850.html",20070315,78,0,0,"ENMIENDA DE BEIJING QUE MODIFICA EL PROTOCOLO DE MONTREAL RELATIVO A LAS SUSTANCIAS QUE AGOTAN LA CAPA DE OZONO, ADOPTADA EL 3 DE DICIEMBRE DE 1999 POR LA XI CONFERENCIA DE LAS PARTES"
60,129929,"60_1",457,"851.html",20070315,44,37,0,"MODIFICACIONES AL APENDICE 6 DEL ANEXO 300-B DEL TRATADO DE LIBRE COMERCIO DE AMERICA DEL NORTE, FORMALIZADAS MEDIANTE INTERCAMBIO DE COMUNICACIONES LOS DIAS 9 Y 13 DE NOVIEMBRE DE 2006, ENTRE EL GOBIERNO DE LOS ESTADOS UNIDOS DE AMERICA Y EL GOBIERNO DE LOS ESTADOS UNIDOS MEXICANOS, RESPECTIVAMENTE"
60,130194,"60_1",458,"871.html",20070322,102,0,0,"CONVENIO ENTRE EL GOBIERNO DE LOS ESTADOS UNIDOS MEXICANOS Y LA REPUBLICA ESLOVACA PARA EVITAR LA DOBLE IMPOSICION Y PREVENIR LA EVASION FISCAL EN MATERIA DE IMPUESTO SOBRE LA RENTA, FIRMADO EN BRATISLAVA, EL 13 DE MAYO DE 2006"
60,130521,"60_1",459,"873.html",20070322,96,0,0,"RATIFICACION DE GRADOS NAVALES"
60,130830,"60_1",257,"889.html",20070327,22,86,5,"PROYECTO DE LEY DEL INSTITUTO DE SEGURIDAD Y SERVICIOS SOCIALES DE LOS TRABAJADORES DEL ESTADO"
60,131655,"60_1",258,"889.html",20070327,86,32,0,"PROYECTO DE LEY DEL INSTITUTO DE SEGURIDAD Y SERVICIOS SOCIALES DE LOS TRABAJADORES DEL ESTADO"
60,132033,"60_1",460,"890.html",20070327,89,0,23,"RATIFICACION DE NOMBRAMIENTO DE MAGISTRADO DE SALA SUPERIOR DEL TRIBUNAL FEDERAL DE JUSTICIA FISCAL Y ADMINISTRATIVA"
60,132398,"60_1",461,"891.html",20070327,103,0,0,"PROYECTO DE DECRETO POR EL QUE SE REFORMAN LA LEYFEDERAL DE DEFENSORIA PUBLICA, LA LEY GENERAL DE DERECHOS LINGUISTICOS DE LOS PUEBLOS INDIGENAS, LA LEY ORGANICA DE LA PROCURADURIA GENERAL DE LA REPUBLICA Y EL CODIGO FEDERAL DE PROCEDIMIENTOS CIVILES"
60,132728,"60_1",462,"904.html",20070328,73,28,0,"PROYECTO DE LEY DEL INSTITUTO DE SEGURIDAD Y SERVICIOS SOCIALES DE LOS TRABAJADORES DEL ESTADO"
60,133054,"60_1",470,"912.html",20070411,90,0,1,"RATIFICIACION DE NOMBRAMIENTOS DIPLOMATICOS"
60,133399,"60_1",471,"912.html",20070411,90,0,0,"RATIFICIACION DE NOMBRAMIENTOS DIPLOMATICOS"
60,133703,"60_1",472,"913.html",20070411,85,0,1,"ACUERDO ENTRE EL GOBIERNO DE LOS ESTADOS UNIDOS MEXICANOS Y EL GOBIERNO DE NUEVA ZELANDIA PARA EVITAR LA DOBLE IMPOSICION Y PREVENIR LA EVASION FISCAL EN MATERIA DE IMPUESTO SOBRE LA RENTA, FIRMADO EN HANOI, VIETNAM, EL 16 DE NOVIEMBRE DE 2006"
60,133984,"60_1",464,"929.html",20070329,96,0,0,"MODIFICACIONES AL CONVENIO QUE ESTABLECE LA ORGANIZACION MUNDIAL DE LA PROPIEDAD INTELECTUAL, ASI COMO A OTROS TRATADOS ADMINISTRADOS POR ESA ORGANIZACION, ADOPTADAS EN EL MARCO DE LA 39ª SERIE DE REUNIONES DE LAS ASAMBLEAS DE LOS ESTADOS MIEMBROS DE LA ORGANIZACION MUNDIAL DE LA PROPIEDAD INTELECTUAL, CELEBRADA EN GINEBRA, DEL 22 DE SEPTIEMBRE AL 1° DE OCTUBRE DE 2003"
60,134292,"60_1",465,"930.html",20070329,99,0,0,"PROYECTO DE DECRETO QUE ESTABLECE LAS CARACTERISTICAS DE LA SEPTIMA MONEDA DE PLATA CONMEMORATIVA DEL “QUINTO CENTENARIO DEL ENCUENTRO DE DOS MUNDOS”"
60,134611,"60_1",466,"931.html",20070329,92,0,0,"ACUERDO ENTRE LOS ESTADOS UNIDOS MEXICANOS Y EL CENTRO DE COOPERACION REGIONAL PARA LA EDUCACION DE ADULTOS EN AMERICA LATINA Y EL CARIBE, RELATIVO A LA SEDE Y OPERACION DEL CENTRO EN MEXICO, FIRMADO EN LA CIUDAD DE MEXICO EL 8 DE NOVIEMBRE DE 2006"
60,134908,"60_1",467,"932.html",20070329,105,0,0,"DECRETO QUE EXPIDE LA LEY PARALA REFORMA DEL ESTADO"
60,135243,"60_1",463,"933.html",20070328,77,22,0,"PROYECTO DE DECRETO QUE ADICIONA Y REFORMA DIVERSOS ARTICULOS DE LA LEY DE LOS SISTEMAS DE AHORRO PARA ELRETIRO"
60,135562,"60_1",468,"948.html",20070410,103,0,1,"RATIFICACION DE NOMBRAMIENTO DIPLOMATICO"
60,135907,"60_1",469,"960.html",20070410,99,0,0,"TIT MISSING"
60,136351,"60_1",473,"965.html",20070412,102,0,2,"RATIFICACION DE NOMBRAMIENTOS DIPLOMATICOS"
60,136730,"60_1",474,"965.html",20070412,106,0,0,"RATIFICACION DE NOMBRAMIENTOS DIPLOMATICOS"
60,137120,"60_1",475,"965.html",20070412,103,0,0,"RATIFICACION DE NOMBRAMIENTOS DIPLOMATICOS"
60,137519,"60_1",476,"998.html",20070417,107,0,0,"PROYECTO DE DECRETO POR EL QUE SE REFORMA EL ARTICULO 62 DE LA CONSTITUCION POLITICA DE LOS ESTADOS UNIDOS MEXICANOS"
60,137866,"60_1",477,"999.html",20070417,103,0,1,"PROYECTO DE DECRETO POR EL QUE SE ADICIONAN DIVERSAS DISPOSICIONES A LA LEY ORGANICA DEL CONGRESO GENERAL DE LOS ESTADOS UNIDOS MEXICANOS"
60,138200,"60_1",478,"1000.html",20070417,98,0,1,"PERMISOS PARA ACEPTAR Y USAR CONDECORACIONES Y PARA PRESTAR SERVICIOS"
60,138521,"60_1",479,"1010.html",20070417,85,0,0,"PROYECTO DE DECRETO POR EL QUE SE EXPIDE LA LEY GENERAL DE LA INFRAESTRUCTURA FISICA EDUCATIVA"
60,138909,"60_1",480,"1010.html",20070417,86,0,0,"PROYECTO DE DECRETO POR EL QUE SE EXPIDE LA LEY GENERAL DE LA INFRAESTRUCTURA FISICA EDUCATIVA"
60,139190,"60_1",481,"1038.html",20070419,92,0,0,"PROYECTO DE DECRETO QUE ADICIONA Y REFORMA LA LEY GENERAL DE EDUCACION Y ADICIONA LA FRACCION XV DEL ARTICULO 215 DEL CODIGO PENAL FEDERAL"
60,139488,"60_1",482,"1039.html",20070419,94,0,0,"PROYECTO DE DECRETO QUE REFORMA Y ADICIONA EL ARTICULO 33 DE LA LEY ORGANICA DE LA ADMINISTRACION PUBLICA FEDERAL"
60,139792,"60_1",483,"1075.html",20070424,56,19,2,"PROYECTO DE DECRETO POR EL QUE SE EXPIDE LA LEY DEL SISTEMA NACIONAL DE INFORMACION ESTADISTICA Y GEOGRAFICA"
60,140044,"60_1",484,"1076.html",20070424,76,0,0,"SEGUNDO PROTOCOLO FACULTATIVO DEL PACTO INTERNACIONAL DE DERECHOS CIVILES Y POLITICOS DESTINADO A ABOLIR LA PENA DE MUERTE, ADOPTADO EN LA CIUDAD DE NUEVA YORK, EL 15 DE DICIEMBRE DE 1989"
60,140294,"60_1",485,"1100.html",20070424,107,0,0,"PROTOCOLO A LA CONVENCION AMERICANA SOBRE DERECHOS HUMANOS RELATIVO A LA ABOLICION DELA PENA DE MUERTE, ADOPTADO EN ASUNCION, PARAGUAY, EL 8 DE JUNIO DE 1990"
60,140637,"60_1",486,"1101.html",20070424,104,0,0,"CONVENIO SOBRE TRASLADO DE PERSONAS CONDENADAS, ADOPTADO EN ESTRASBURGO, FRANCIA, EL 21 DE MARZO DE 1983"
60,140971,"60_1",487,"1102.html",20070424,109,0,0,"PROYECTO DE DECRETO QUE ADICIONA UN SEGUNDO PARRAFO AL ARTICULO 6º DE LA CONTITUCION POLITICA DE LOS ESTADOS UNIDOS MEXICANOS"
60,141321,"60_1",488,"1116.html",20070424,85,9,1,"PROYECTO DE DECRETO POR EL QUE SE ABROGA LA LEY PARALA TRANSPARENCIA Y ORDENAMIENTO DE LOS SERVICIOS FINANCIEROS, PUBLICADA EN EL DIARIO OFICIAL DE LA FEDERACION EL 26 DE ENERO DE 2004, SE EXPIDE LA LEY PARALA TRANSPARENCIA Y ORDENAMIENTO DE LOS SERVICIOS FINANCIEROS Y SE REFORMAN, ADICIONAN Y DEROGAN DIVERSAS DISPOSICIONES DE LA LEY DE INSTITUCIONES DE CREDITO Y DE LA LEY DE PROTECCION Y DEFENSA AL USUARIO DE SERVICIOS FINANCIEROS Y LA LEY DELA COMISION NACIONAL BANCARIA Y DE VALORES"
60,141705,"60_1",489,"1116.html",20070424,71,19,0,"PROYECTO DE DECRETO POR EL QUE SE ABROGA LA LEY PARALA TRANSPARENCIA Y ORDENAMIENTO DE LOS SERVICIOS FINANCIEROS, PUBLICADA EN EL DIARIO OFICIAL DE LA FEDERACION EL 26 DE ENERO DE 2004, SE EXPIDE LA LEY PARALA TRANSPARENCIA Y ORDENAMIENTO DE LOS SERVICIOS FINANCIEROS Y SE REFORMAN, ADICIONAN Y DEROGAN DIVERSAS DISPOSICIONES DE LA LEY DE INSTITUCIONES DE CREDITO Y DE LA LEY DE PROTECCION Y DEFENSA AL USUARIO DE SERVICIOS FINANCIEROS Y LA LEY DELA COMISION NACIONAL BANCARIA Y DE VALORES"
60,141998,"60_1",490,"1179.html",20070426,95,0,0,"PROYECTO DE DECRETO POR EL QUE SE REFORMAN Y ADICIONAN DIVERSAS DISPOSICIONES DE LA LEY SOBRE EL CONTRATO DE SEGURO Y DE LA LEY DE PROTECCION Y DEFENSA AL USUARIO DE SERVICIOS FINANCIEROS"
60,142305,"60_1",491,"1181.html",20070426,90,0,0,"PROYECTO DE DECRETO POR EL QUE SE REFORMA LA LEY SOBRE EL ESCUDO, LA BANDERA Y EL HIMNO NACIONALES"
60,142598,"60_1",492,"1182.html",20070426,93,0,0,"DECRETO QUE ADICIONA UN SEGUNDO PARRAFO AL ARTICULO 271 DE LA LEY GENERAL DE SALUD"
60,142900,"60_1",493,"1183.html",20070426,88,0,0,"DECRETO POR EL QUE SE REFORMAN Y ADICIONAN DIVERSAS DISPOSICIONES DE LA LEY FEDERAL DE PROTECCION AL CONSUMIDOR"
60,143186,"60_1",494,"1184.html",20070426,84,0,0,"DECRETO QUE ADICIONA UN SEGUNDO PARRAFO AL ARTICULO 32 DE LA LEY DE FISCALIZACION SUPERIOR DE LA FEDERACION"
60,143460,"60_1",495,"1185.html",20070426,84,0,0,"PROYECTO DE DECRETO QUE ADICIONA LOS PARRAFOS TERCERO Y CUARTO AL ARTICULO 51 DEL CODIGO PENAL FEDERAL"
60,143734,"60_1",496,"1186.html",20070426,78,0,0,"PROYECTO DE DECRETO QUE REFORMA Y ADICIONA DIVERSAS DISPOSICIONES DEL CODIGO PENAL FEDERAL"
60,143990,"60_1",497,"1187.html",20070426,76,0,0,"PROYECTO DE DECRETO QUE REFORMA EL ARTICULO 301 DEL CODIGO PENAL FEDERAL"
60,144240,"60_1",498,"1188.html",20070426,85,0,0,"LEY ORGANICA DEL TRIBUNAL FEDERAL DE JUSTICIA FISCAL Y ADMINISTRATIVA"
60,144517,"60_1",499,"1189.html",20070426,79,0,0,"DECRETO QUE EXPIDE LA LEY GENERAL DE PESCA Y ACUACULTURA SUSTENTABLES"
60,144776,"60_1",500,"1190.html",20070426,80,0,0,"PERMISOS PARA ACEPTAR Y USAR CONDECORACIONES Y PARA PRESTAR SERVICIOS"
60,145040,"60_1",501,"1219.html",20070426,90,0,0,"PROYECTO DE DECRETO QUE REFORMA DIVERSAS DISPOSICIONESDE LA LEY DELA PROPIEDAD INDUSTRIAL Y DEL CODIGO PENAL FEDERAL"
60,145332,"60_1",502,"1220.html",20070426,67,23,1,"DECRETO QUE REFORMA DIVERSAS DISPOSICIONES DEL CODIGO PENAL FEDERAL; DEL CODIGO FEDERAL DE PROCEDIMIENTOS PENALES; DE LA LEY FEDERAL CONTRA LA DELINCUENCIA ORGANIZADA; DE LA LEY DE INSTITUCIONES DE CREDITO; DE LA LEY DE AHORRO Y CREDITO POPULAR; DE LA LEY DE LOS SISTEMAS DE AHORRO PARA EL RETIRO; DE LA LEY DE SOCIEDADES DE INVERSION; DE LA LEY DEL MERCADO DE VALORES; DE LA LEY FEDERAL DE INSTITUCIONES DE FIANZAS; DE LA LEY GENERAL DE INSTITUCIONES Y SOCIEDADES MUTUALISTAS DE SEGUROS; Y DE LA LEY GENERAL DE ORGANIZACIONES Y ACTIVIDADES AUXILIARES DEL CREDITO"
60,145630,"60_1",503,"1221.html",20070426,90,0,0,"DECRETO QUE REFORMA EL ARTICULO 17 DE LA LEY GENERAL PARA LA PREVENCION Y GESTION INTEGRAL DE LOS RESIDUOS"
60,145925,"60_1",504,"1222.html",20070426,85,0,0,"PROYECTO DE DECRETO QUE REFORMA Y ADICIONA LA LEY GENERAL DE EDUCACION Y LA LEY GENERAL DEL EQUILIBRIO ECOLOGICO Y LA PROTECCION AL AMBIENTE"
60,146205,"60_1",505,"1223.html",20070426,71,15,1,"DECRETO QUE REFORMA Y ADICIONA LOS ARTICULOS 10, 11 Y 48 DE LA LEY GENERAL DE EDUCACION"
60,146488,"60_1",506,"1224.html",20070426,88,0,0,"PROYECTO DE DECRETO QUE ADICIONA EL ARTICULO 424 QUATER AL CODIGO PENAL FEDERAL"
60,146777,"60_1",507,"1225.html",20070426,83,0,0,"DECRETO POR EL QUE SE EXPIDE LA LEY FEDERAL DE SANIDAD ANIMAL"
60,147048,"60_1",508,"1227.html",20070426,84,0,0,"PROYECTO DE DECRETO QUE REFORMA Y ADICIONA DIVERSAS DISPOSICIONES DE LA LEY GENERAL DEL EQUILIBRIO ECOLOGICOY LA PROTECCION AL AMBIENTE, Y DE LA LEY GENERAL DE VIDA SILVESTRE"
60,147327,"60_1",509,"1228.html",20070426,85,0,0,"DECRETO POR EL QUE SE REFORMAN, ADICIONAN Y DEROGAN DIVERSAS DISPOSICIONES DE LA LEY FEDERAL DE SANIDAD VEGETAL"
60,147604,"60_1",510,"1229.html",20070426,81,0,0,"PROYECTO DE DECRETO POR EL QUE SE REFORMAN Y ADICIONAN DIVERSAS DISPOSICIONES DEL CODIGO DE COMERCIO"
60,147869,"60_1",511,"1230.html",20070426,86,0,0,"DECRETO QUE EXPIDE LA LEY DE LOS IMPUESTOS GENERALES DE IMPORTACION Y DE EXPORTACION"
60,148204,"60_1",512,"1231.html",20070426,61,22,1,"DECRETO POR EL QUE SE EXPIDE LA LEY FEDERAL DE PRODUCCION, CERTIFICACION Y COMERCIO DE SEMILLAS"
60,148478,"60_1",513,"1232.html",20070426,76,0,0,"TRATADO DE ASISTENCIA JURIDICA MUTUA EN MATERIA PENAL ENTRE LOS ESTADOS UNIDOS MEXICANOS Y EL REINO DE ESPAÑA, FIRMADO EN LAS PALMAS DE GRAN CANARIA, ESPAÑA, EL 29 DE SEPTIEMBRE DE 2006"
60,148728,"60_1",514,"1233.html",20070426,81,0,0,"ACUERDO PARA LA PROMOCION Y PROTECCION RECIPROCA DE LAS INVERSIONES ENTRE EL GOBIERNO DE LOS ESTADOS UNIDOS MEXICANOS Y EL REINO DE ESPAÑA, FIRMADO EL 10 DE OCTUBRE DE 2006 EN LA CIUDAD DE MEXICO"
60,148993,"60_1",515,"1234.html",20070426,81,0,0,"ACUERDO ENTRE EL GOBIERNO DE LOS ESTADOS UNIDOS MEXICANOS Y EL GOBIERNO DEL REINO UNIDO DE GRAN BRETAÑA E IRLANDA DEL NORTE PARA LA PROMOCION Y PROTECCION RECIPROCA DE LAS INVERSIONES, FIRMADO EN VIENA, AUSTRIA, EL 12 DE MAYO DE 2006"
60,149258,"60_1",516,"1235.html",20070426,81,0,0,"ACTA DE RECTIFICACION AL ACUERDO DE COMPLEMENTACION ECONOMICA NO. 60 SUSCRITO ENTRE MEXICO Y URUGUAY (TRATADO DE LIBRE COMERCIO ENTRE LOS ESTADOS UNIDOS MEXICANOS Y LA REPUBLICA ORIENTAL DEL URUGUAY, FIRMADO EN LA CIUDAD DE SANTA CRUZ DE LA SIERRA, EL 15 DE NOVIEMBRE DE 2003)"
60,149523,"60_1",517,"1236.html",20070426,76,0,0,"FRACCIONES ARANCELARIAS OMITIDAS Y CORRECCIONES AL TRATADO DE LIBRE COMERCIO ENTRE LOS ESTADOS UNIDOS MEXICANOS Y LA REPUBLICA ORIENTAL DEL URUGUAY, FIRMADO EN LA CIUDAD DE SANTA CRUZ DE LA SIERRA, BOLIVIA, EL 15 DE NOVIEMBRE DE 2003"
60,149773,"60_1",518,"1237.html",20070426,84,0,0,"ACERDO ENTRE EL GOBIERNO DE LOS ESTADOS NIDOS MEXICANOS Y EL GOBIERNO DE LOS ESTADOS NIDOS DE AMERICA SOBRE COOPERACION ADANERA RELATIVA A LAS DECLARACIONES DE ORIGEN EFECTADAS EN EL MARCO DE LAS DISPOSICIONES SOBRE ACMLACION DE CIERTOS TRATADOS DE LIBRE COMERCIO, FIRMADO EN DAVOS, SIZA, EL 26 DE ENERO DE 2007"
60,150046,"60_1",519,"1238.html",20070426,81,0,0,"CONVENIO SOBRE ACUERDOS DE ELECCION DE FORO, ADOPTADO EN LA HAYA, EL 30 DE JUNIO DE 2005"
60,150310,"60_1",520,"1239.html",20070426,83,0,0,"CONVENIO SOBRE TRANSPORTE AEREO ENTRE EL GOBIERNO DE LOS ESTADOS UNIDOS MEXICANOS Y LA REPUBLICA DE EL SALVADOR, FIRMADO EN LA CIUDAD DE MEXICO EL 7 DE ABRIL DE 2006"
60,150580,"60_1",521,"1240.html",20070426,84,0,0,"PROTOCOLO POR EL QUE SE ADICIONAN DISPOSICIONES EN MATERIA DE ACUMULACION TEXTIL AL TRATADO DE LIBRE COMERCIO ENTRE LOS ESTADOS UNIDOS MEXICANOS Y LA REPUBLICA DE COSTA RICA, SUSCRITO EN LA CIUDAD DE MEXICO EL 5 DE ABRIL DE 1994, FIRMADO EN LA CIUDAD DE MEXICO EL 12 DE ABRIL DE 2007"
60,150853,"60_1",522,"1241.html",20070426,84,0,0,"PROTOCOLO POR EL QUE SE ADICIONAN DISPOSICIONES EN MATERIA DE ACUMULACION TEXTIL AL TRATADO DE LIBRE COMERCIO ENTRE LOS ESTADOS UNIDOS MEXICANOS Y EL GOBIERNO DE LA REPUBLICA DE NICARAGUA, SUSCRITO EN LA CIUDAD DE MANAGUA EL 18 DE DICIEMBRE DE 1997, FIRMADO EL 12 DE ABRIL DE 2007"
60,151126,"60_1",523,"1242.html",20070426,85,0,0,"PROTOCOLO POR EL QUE SE ADICIONAN DISPOSICIONES EN MATERIA DE ACUMULACION TEXTIL AL TRATADO DE LIBRE COMERCIO ENTRE LOS ESTADOS UNIDOS MEXICANOS Y LAS REPUBLICAS DE EL SALVADOR, GUATEMALA Y HONDURAS, SUSCRITO EN LA CIUDAD DE MEXICO EL 29 DE JUNIO DE 2000, FIRMADO EL 16 DE ABRIL DE 2007"
60,151402,"60_1",524,"1243.html",20070426,58,29,4,"DECRETO POR EL QUE SE REFORMAN, ADICIONAN Y DEROGAN DIVERSAS DISPOSICIONES DE LA LEY DE AHORRO Y CREDITO POPULAR, Y DE LA LEY QUE CREA EL FIDEICOMISO QUE ADMINISTRARA EL FONDO PARA EL FORTALECIMIENTO DE SOCIEDADES Y COOPERATIVAS DE AHORRO Y PRESTAMO Y DE APOYO A SUS AHORRADORES"
60,151714,"60_1",525,"1243.html",20070426,82,0,0,"DECRETO POR EL QUE SE REFORMAN, ADICIONAN Y DEROGAN DIVERSAS DISPOSICIONES DE LA LEY DE AHORRO Y CREDITO POPULAR, Y DE LA LEY QUE CREA EL FIDEICOMISO QUE ADMINISTRARA EL FONDO PARA EL FORTALECIMIENTO DE SOCIEDADES Y COOPERATIVAS DE AHORRO Y PRESTAMO Y DE APOYO A SUS AHORRADORES"
60,151983,"60_1",526,"1244.html",20070426,82,0,5,"RATIFICACION DE NOMBRAMIENTOS DE MAGISTRADOS UNITARIOS DE LOS TRIBUNALES UNITARIOS AGRARIOS"
60,152280,"60_1",397,"1908.html",20061129,41,50,0,"Acuerdo del PRI para poder celebrar de la sesión de Congreso General del 1° de diciembre de 2006, relativa a la transmisión del Poder Ejecutivo Federal, en una sede alterna."
60,152578,"60_2",527,"40.html",20070906,106,0,1,"MODIFICACIONES DE LOS ESTATUTOS DE LA ORGANIZACION MUNDIAL DEL TURISMO, ADOPTADAS POR LA ASAMBLEA GENERAL EN SU DECIMOSEXTA REUNION CELEBRADA EN DAKAR, SENEGAL, DEL 28 DE NOVIEMBRE AL 2 DE DICIEMBRE DE 2005"
60,152924,"60_2",528,"116.html",20071030,104,0,5,"PROYECTODE DECRETO DE LEY DE INGRESOS DE LA FEDERACIÓN PARA EL EJERCICIO FISCAL 2008.General, salvo el artículo reservado, el octavo, en su fracción novena."
60,153594,"60_2",529,"116.html",20071030,60,46,2,"PROYECTODE DECRETO DE LEY DE INGRESOS DE LA FEDERACIÓN PARA EL EJERCICIO FISCAL 2008.Particular reserva al artículo octavo"
60,154254,"60_2",530,"116.html",20071030,100,4,1,"PROYECTODE DECRETO DE LEY DE INGRESOS DE LA FEDERACIÓN PARA EL EJERCICIO FISCAL 2008."
60,155054,"60_2",531,"116.html",20071030,77,22,0,"PROYECTODE DECRETO DE LEY DE INGRESOS DE LA FEDERACIÓN PARA EL EJERCICIO FISCAL 2008.Particular de ésta parte del artículo 1."
60,155698,"60_2",532,"116.html",20071030,77,22,0,"PROYECTODE DECRETO DE LEY DE INGRESOS DE LA FEDERACIÓN PARA EL EJERCICIO FISCAL 2008.Votación del artículo como viene en sus términos el dictamen, por lo que se refiere al Apartado B, capítulo séptimo, numeral uno, sección A"
60,156308,"60_2",533,"116.html",20071030,76,24,0,"PROYECTODE DECRETO DE LEY DE INGRESOS DE LA FEDERACIÓN PARA EL EJERCICIO FISCAL 2008.Votación del párrafo II del artículo 1º en el entendido de que el voto a favor es por el dictamen en sus términos el voto en contra, es como lo propone el senador Pablo Gómez, porque se suprime el segundo párrafo"
60,156766,"60_2",534,"116.html",20071030,77,20,2,"PROYECTODE DECRETO DE LEY DE INGRESOS DE LA FEDERACIÓN PARA EL EJERCICIO FISCAL 2008.Votación sobre el tercer párrafo del artículo primero.En el entendido de que votar a favor es, votar por el Dictamen en sus términos; votar en contra es porque se suprima ese párrafo."
60,157072,"60_2",535,"116.html",20071030,71,21,0,"PROYECTODE DECRETO DE LEY DE INGRESOS DE LA FEDERACIÓN PARA EL EJERCICIO FISCAL 2008.Votación del primer párrafo del artículo 2 en sus términos"
60,157356,"60_2",536,"116.html",20071030,71,14,0,"PROYECTODE DECRETO DE LEY DE INGRESOS DE LA FEDERACIÓN PARA EL EJERCICIO FISCAL 2008.Votación de los párrafos VII, VIII, IX, X y XI del artículo 2° de la Ley de Ingresos"
60,157616,"60_2",537,"116.html",20071030,71,20,0,"PROYECTODE DECRETO DE LEY DE INGRESOS DE LA FEDERACIÓN PARA EL EJERCICIO FISCAL 2008.Votación del artículo quinto en sus términos."
60,157897,"60_2",538,"116.html",20071030,71,18,0,"PROYECTODE DECRETO DE LEY DE INGRESOS DE LA FEDERACIÓN PARA EL EJERCICIO FISCAL 2008.Votación del artículo sexto del proyecto de decreto."
60,158173,"60_2",539,"116.html",20071030,68,17,0,"PROYECTODE DECRETO DE LEY DE INGRESOS DE LA FEDERACIÓN PARA EL EJERCICIO FISCAL 2008.Votación en sus términos del sexto párrafo del artículo 10 y del décimo-octavo párrafo del artículo 12 del Proyecto de Decreto"
60,158435.93,"60_2",540,"116.html",20071030,71,18,0,"PROYECTODE DECRETO DE LEY DE INGRESOS DE LA FEDERACIÓN PARA EL EJERCICIO FISCAL 2008.Reserva es al décimo párrafo del artículo decimotercero, décimo párrafo del decimotercero del Proyecto de Decreto. Tiene la palabra para referirse a este artículo el Senador Tomás Torres Mercado.La propuesta es que se suprima. Por eso no dejo documento alguno. Muchas gracias"
60,158715,"60_2",541,"116.html",20071030,71,16,0,"PROYECTODE DECRETO DE LEY DE INGRESOS DE LA FEDERACIÓN PARA EL EJERCICIO FISCAL 2008.Votación del artículo 15 en sus términos, en razón de que ha sido retirada la reserva e inmediatamente después entramos a la discusión del artículo 16."
60,158986,"60_2",542,"116.html",20071030,73,16,0,"PROYECTODE DECRETO DE LEY DE INGRESOS DE LA FEDERACIÓN PARA EL EJERCICIO FISCAL 2008.Votación del artículo 16 del proyecto de decreto en sus términos."
60,159261,"60_2",543,"116.html",20071030,71,16,0,"PROYECTODE DECRETO DE LEY DE INGRESOS DE LA FEDERACIÓN PARA EL EJERCICIO FISCAL 2008.Votación En virtud de que no se aceptaron las propuestas de adición al referido artículo 23, ábrase el sistema electrónico de votación hasta por 2 minutos para recoger la votación nominal en los términos del Dictamen."
61,159530,"61_2",544,"18.html",20100902,77,0,0,"PROYECTO DE DECRETO POR EL QUE SE ADICIONA EL ARTICULO 18, INCISO A) DE LA LEY SOBRE EL ESCUDO, LA BANDERA Y EL HIMNO NACIONALES"
61,200007,"61_2",545,"34.html",20100907,87,3,1,"Autorización al Presidente de la República para que permita el ingreso y permanencia en el territorio nacional de los contingentes militares de 16 países, a fin de que participen en el desfile militar de conmemoración, el próximo 16 de septiembre Centenario del Inicio de la Revolución"
61,200302,"61_2",546,"49.html",20100907,91,0,0,"CONVENCION INTERAMERICANA SOBRE TRANSPARENCIA EN LAS ADQUISICIONES DE ARMAS CONVENCIONALES, ADOPTADA EN LA CIUDAD DE GUATEMALA EL 7 DE JUNIO DE 1999"
61,200599,"61_2",547,"50.html",20100907,83,0,0,"CONVENIO ENTRE LOS ESTADOS UNIDOS MEXICANOS Y LA REPUBLICA ORIENTAL DEL URUGUAY PARA EVITAR LA DOBLE IMPOSICION Y PREVENIR LA EVASION FISCAL EN MATERIA DE IMPUESTOS SOBRE LA RENTA Y SOBRE EL PATRIMONIO, FIRMADO EN LA CIUDAD DE MONTEVIDEO, URUGUAY, EL 14 DE AGOSTO DE 2009"
61,200870,"61_2",548,"51.html",20100907,86,0,0,"CONVENIO ENTRE LOS ESTADOS UNIDOS MEXICANOS Y LA REPUBLICA DE COLOMBIA PARA EVITAR LA DOBLE IMPOSICION Y PREVENIR LA EVASION FISCAL EN RELACION CON LOS IMPUESTOS SOBRE LA RENTA Y SOBRE EL PATRIMONIO, FIRMADO EN BOGOTA, COLOMBIA, EL 13 DE AGOSTO DE 2009"
61,201158,"61_2",549,"56.html",20100909,73,18,0,"TIT MISSINGOficio No. SEL/300/440/10"
61,201496,"61_2",550,"70.html",20100909,81,0,0,"DECRETO POR EL QUE SE ADICIONAN UN SEGUNDO Y UN TERCER PARRAFOS AL ARTICULO 67 Y UNA FRACCION VI AL ARTICULO 113 DE LA LEY GENERAL DE POBLACION"
61,201764,"61_2",551,"75.html",20100914,68,10,0,"Oficio No. SEL/UEL/311/453/10"
61,202027,"61_2",552,"112.html",20100921,77,0,0,"PROYECTO DE DECRETO POR EL QUE SE REFORMAN LOS ARTICULOS 74, 163 Y 165 DE LA LEY GENERAL DE DESARROLLO FORESTAL SUSTENTABLE"
61,202286,"61_2",553,"113.html",20100921,79,0,0,"PROYECTO DE DECRETO QUE REFORMA EL ARTICULO 190 DE LA LEY DE DESARROLLO RURAL SUSTENTABLE"
61,202616,"61_2",554,"114.html",20100921,86,0,0,"PROYECTO DE DECRETO QUE REFORMA DIVERSAS DISPOSICIONES DE LA LEY GENERAL DE DESARROLLO FORESTAL SUSTENTABLE"
61,202897,"61_2",555,"116.html",20100921,84,0,0,"PROYECTO DE DECRETO POR EL QUE SE REFORMA EL SEGUNDO PARRAFO DEL ARTICULO 16 DE LA LEY DE DESARROLLO RURAL SUSTENTABLE"
61,203174,"61_2",556,"168.html",20100928,57,43,0,"proposición con punto de Acuerdo, por el que se solicita que la Honorable Cámara de Senadores promueva una controversia constitucional ante la Suprema Corte de Justicia de la Nación, con base en lo dispuesto en el artículo 105, fracción i, inciso c), de la Constitución Política de los Estados Unidos Mexicanos, contra los acuerdos emitidos por la Secretaría de Economía, todos ellos publicados en el Diario Oficial de la Federación el 17 de agosto de 2010"
61,203604,"61_2",557,"248.html",20101007,78,0,0,"DECRETO QUE EXPIDE LA LEY DE AYUDA ALIMENTARIA PARA LOS TRABAJADORES"
61,203893,"61_2",558,"249.html",20101007,68,4,0,"PROYECTO DE DECRETO POR EL QUE SE EXPIDE LA LEY DE ASOCIACIONES PUBLICO PRIVADAS Y SE REFORMAN, ADICIONANY DEROGAN DIVERSAS DISPOSICIONES DE LA LEY DE OBRAS PUBLICAS Y SERVICIOS RELACIONADOS CON LAS MISMAS; DE LA LEY DE ADQUISICIONES, ARRENDAMIENTOS Y SERVICIOS DEL SECTOR PUBLICO; DE LA LEY DE EXPROPIACION; DE LA LEY GENERAL DE BIENES NACIONALES Y DEL CODIGO FEDERAL DE PROCEDIMIENTOS CIVILES"
61,204271,"61_2",559,"249.html",20101007,66,17,0,"PROYECTO DE DECRETO POR EL QUE SE EXPIDE LA LEY DE ASOCIACIONES PUBLICO PRIVADAS Y SE REFORMAN, ADICIONANY DEROGAN DIVERSAS DISPOSICIONES DE LA LEY DE OBRAS PUBLICAS Y SERVICIOS RELACIONADOS CON LAS MISMAS; DE LA LEY DE ADQUISICIONES, ARRENDAMIENTOS Y SERVICIOS DEL SECTOR PUBLICO; DE LA LEY DE EXPROPIACION; DE LA LEY GENERAL DE BIENES NACIONALES Y DEL CODIGO FEDERAL DE PROCEDIMIENTOS CIVILES"
61,204858,"61_2",560,"256.html",20101012,85,8,0,"PROYECTO DE DECRETO POR EL QUE SE EXPIDE LA LEY DE ASOCIACIONES PUBLICO PRIVADAS Y SE REFORMAN, ADICIONAN Y DEROGAN DIVERSAS DISPOSICIONES DE LA LEY DE OBRAS PUBLICAS Y SERVICIOS RELACIONADOS CON LAS MISMAS; DE LA LEY DE ADQUISICIONES, ARRENDAMIENTOS Y SERVICIOS DEL SECTOR PUBLICO; DE LA LEY DE EXPROPIACION; DE LA LEY GENERAL DE BIENES NACIONALES Y DEL CODIGO FEDERAL DE PROCEDIMIENTOS CIVILES"
61,205160,"61_2",561,"257.html",20101012,88,0,0,"ACUERDO ENTRE EL GOBIERNO DE LOS ESTADOS UNIDOS MEXICANOS Y EL GOBIERNO DE LOS ESTADOS UNIDOS DE AMERICA SOBRE COOPERACION EN LA ADMINISTRACION DE EMERGENCIAS EN CASOS DE DESASTRES NATURALES Y ACCIDENTES, FIRMADO EN PUERTO VALLARTA, MEXICO, EL 23 DE OCTUBRE DE 2008"
61,205445,"61_2",562,"258.html",20101012,90,0,2,"PROYECTO DE DECRETO QUE REFORMA EL ARTICULO 43 DE LA CONSTITUCION POLITICA DE LOS ESTADOS UNIDOS MEXICANOS"
61,205745,"61_2",563,"265.html",20101012,87,0,2,"PROYECTO DE DECRETO POR EL QUE SE ADICIONA EL ARTICULO 17 DE LA CONSTITUCION POLITICA DE LOS ESTADOS UNIDOS MEXICANOS"
61,206040,"61_2",564,"266.html",20101012,73,14,2,"PROYECTO DE DECRETO POR EL QUE SE REFORMA EL ARTICULO 15 DE LA LEY DE CAPITALIZACION DEL PROCAMPO"
61,206329,"61_2",565,"306.html",20101014,73,0,1,"Pronunciamiento Heladio Ramírez"
61,206575,"61_2",566,"346.html",20101019,76,0,0,"PROYECTO DE DECRETO POR EL QUE SE REFORMA Y ADICIONA LA LEY DEL INSTITUTO MEXICANO DE LA JUVENTUD"
61,206830,"61_2",567,"347.html",20101019,89,0,0,"PROYECTO DE DECRETO POR EL QUE SE REFORMA Y ADICIONA LA LEY GENERAL DE CULTURA FISICA Y DEPORTE"
61,207119,"61_2",568,"348.html",20101019,90,0,0,"ACUERDO ENTRE LOS ESTADOS UNIDOS MEXICANOS Y EL GOBIERNO DE LA MANCOMUNIDAD DE LAS BAHAMAS PARA EL INTERCAMBIO DE INFORMACION EN MATERIA TRIBUTARIA, FIRMADO EN PLAYA DEL CARMEN, QUINTANA ROO, MEXICO, EL 23 DE FEBRERO DE 2010"
61,207411,"61_2",569,"349.html",20101019,89,0,0,"CONVENIO ENTRE LOS ESTADOS UNIDOS MEXICANOS Y EL GOBIERNO DE LA REPUBLICA DE PANAMA PARA EVITAR LA DOBLE IMPOSICION Y PREVENIR LA EVASION FISCAL EN MATERIA DE IMPUESTOS SOBRE LA RENTA, FIRMADO EN PLAYA DEL CARMEN, QUINTANA ROO, MEXICO, EL 23 DE FEBRERO DE 2010"
61,207700,"61_2",570,"350.html",20101019,84,0,0,"PROYECTO DE DECRETO POR EL QUE SE REFORMAN LOS TRANSITORIOS SEGUNDO Y CUARTO Y SE ADICIONA UN OCTAVO TRANSITORIO AL DECRETO POR EL QUE SE REFORMAN DIVERSOS ARTICULOS DE LA LEY FEDERAL DE TELECOMUNICACIONES, PUBLICADO EN EL DIARIO OFICIAL DE LA FEDERACION EL 9 DE FEBRERO DE 2009"
61,207975,"61_2",571,"385.html",20101021,78,6,7,"DECRETO QUE REFORMA EL REGLAMENTO DE LA ORDEN MEXICANA DE LA MEDALLA DE HONOR BELISARIO DOMINGUEZ DEL SENADO DE LA REPUBLICA"
61,208271,"61_2",572,"386.html",20101021,87,0,0,"PROYECTO DE DECRETO POR EL QUE SE AUTORIZA LA EMISION DE UNA MONEDA CONMEMORATIVA A LOS CIEN AÑOS DE LA FUNDACION DELA UNIVERSIDAD NACIONAL AUTONOMA DE MEXICO"
61,208554,"61_2",573,"391.html",20101021,84,0,0,"DECRETO QUE REFORMA Y ADICIONA DIVERSOS ARTICULOS DE LA LEY GENERAL DE EDUCACION"
61,208828,"61_2",582,"412.html",20101028,63,3,2,"DECRETO QUE ADICIONA DIVERSAS DISPOSICIONES A LA LEY FEDERAL DE SEGURIDAD PRIVADA"
61,209054,"61_2",583,"413.html",20101028,66,0,0,"PERMISOS PARA PRESTAR SERVICIOS, PARA ACEPTAR Y USAR CONDECORACIONES Y PARA ACEPTAR Y DESEMPEÑAR EL CARGO DE CONSUL HONORARIO"
61,209275,"61_2",584,"418.html",20101028,72,0,0,"PROYECTO DE DECRETO POR EL QUE SE CREA UN ARTICULO 59 BIS EN LA LEY GENERAL DEL EQUILIBRIO ECOLOGICO Y LA PROTECCION AL AMBIENTE"
61,209814,"61_2",585,"430.html",20101028,54,11,0,"TIT MISSING"
61,210031,"61_2",574,"462.html",20101026,98,0,3,"PROYECTO DE DECRETO POR EL QUE SE EXPIDE LA LEY DE COOPERACION INTERNACIONAL PARA EL DESARROLLO"
61,210356,"61_2",575,"463.html",20101026,85,0,3,"DECRETO POR EL QUE SE ADICIONAN DIVERSAS DISPOSICIONES A LA LEY DEL IMPUESTO SOBRE LA RENTA"
61,210642,"61_2",576,"464.html",20101026,93,0,0,"PROYECTO DE DECRETO POR EL QUE SE ADICIONA EL ARTICULO 226 BIS A LA LEY DEL IMPUESTO SOBRE LA RENTA"
61,210946,"61_2",577,"465.html",20101026,88,0,4,"PROYECTO DE DECRETO QUE REFORMA, ADICIONA Y DEROGA DIVERSAS DISPOSICIONES DE LA LEY FEDERAL DE DERECHOS"
61,211244,"61_2",578,"466.html",20101026,84,7,0,"DECRETO POR EL QUE SE REFORMAN Y ADICIONAN DIVERSAS DISPOSICIONES DE LA LEY DEL IMPUESTO ESPECIAL SOBRE PRODUCCION Y SERVICIOS"
61,211540,"61_2",579,"467.html",20101026,70,10,3,"DECRETO POR EL QUE SE REFORMA EL ARTICULO 2º DE LA LEY DEL IMPUESTO ESPECIAL SOBRE PRODUCCION Y SERVICIOS"
61,211813,"61_2",580,"479.html",20101026,70,0,0,"PROYECTO DE DECRETO POR EL QUE SE REFORMAN Y ADICIONAN DIVERSAS DISPOSICIONES DE LA LEY FEDERAL DE DERECHOS, RELATIVO AL REGIMEN FISCAL DE PETROLEOS MEXICANOS"
61,212046,"61_2",581,"480.html",20101026,75,6,1,"DECRETO POR EL QUE SE EXPIDE LA LEY DE INGRESOS DE LA FEDERACION PARA EL EJERCICIO FISCAL DE 2011"
61,212314,"61_2",586,"489.html",20101103,73,3,3,"DECRETO POR EL QUE SE REFORMA LA FRACCION I DEL ARTICULO 5º DE LA LEY DE DESARROLLO RURAL SUSTENTABLE"
61,212573,"61_2",587,"490.html",20101103,71,0,1,"DECRETO QUE REFORMA EL ARTICULO 33 DE LA LEY DE DESARROLLO RURAL SUSTENTABLE"
61,212811,"61_2",588,"491.html",20101103,81,0,0,"DECRETO POR EL QUE SE REFORMAN, ADICIONAN Y DEROGAN DIVERSAS DISPOSICIONES DEL CODIGO DE COMERCIO"
61,213339,"61_2",589,"492.html",20101103,92,0,0,"PROYECTO DE DECRETO QUE REFORMA Y ADICIONA LA LEY GENERAL DE SALUD, LA LEY GENERAL DE EDUCACION, LA LEY PARALA PROTECCION DE LOS DERECHOS DE NIÑAS, NIÑOS Y ADOLESCENTES Y LA LEY GENERAL DE LA INFRAESTRUCTURA FISICA EDUCATIVA, EN RELACION CON LA EDUCACION ALIMENTARIA, EL SOBREPESO, LA OBESIDAD, LOS TRASTORNOS DE LA CONDUCTA ALIMENTARIA Y LA ACTIVIDAD FISICA PARA LA SALUD"
61,214037,"61_2",590,"492.html",20101103,70,1,8,"PROYECTO DE DECRETO QUE REFORMA Y ADICIONA LA LEY GENERAL DE SALUD, LA LEY GENERAL DE EDUCACION, LA LEY PARALA PROTECCION DE LOS DERECHOS DE NIÑAS, NIÑOS Y ADOLESCENTES Y LA LEY GENERAL DE LA INFRAESTRUCTURA FISICA EDUCATIVA, EN RELACION CON LA EDUCACION ALIMENTARIA, EL SOBREPESO, LA OBESIDAD, LOS TRASTORNOS DE LA CONDUCTA ALIMENTARIA Y LA ACTIVIDAD FISICA PARA LA SALUD"
61,214362,"61_2",591,"492.html",20101103,15,57,4,"PROYECTO DE DECRETO QUE REFORMA Y ADICIONA LA LEY GENERAL DE SALUD, LA LEY GENERAL DE EDUCACION, LA LEY PARALA PROTECCION DE LOS DERECHOS DE NIÑAS, NIÑOS Y ADOLESCENTES Y LA LEY GENERAL DE LA INFRAESTRUCTURA FISICA EDUCATIVA, EN RELACION CON LA EDUCACION ALIMENTARIA, EL SOBREPESO, LA OBESIDAD, LOS TRASTORNOS DE LA CONDUCTA ALIMENTARIA Y LA ACTIVIDAD FISICA PARA LA SALUD"
61,214632,"61_2",592,"492.html",20101103,13,56,4,"PROYECTO DE DECRETO QUE REFORMA Y ADICIONA LA LEY GENERAL DE SALUD, LA LEY GENERAL DE EDUCACION, LA LEY PARALA PROTECCION DE LOS DERECHOS DE NIÑAS, NIÑOS Y ADOLESCENTES Y LA LEY GENERAL DE LA INFRAESTRUCTURA FISICA EDUCATIVA, EN RELACION CON LA EDUCACION ALIMENTARIA, EL SOBREPESO, LA OBESIDAD, LOS TRASTORNOS DE LA CONDUCTA ALIMENTARIA Y LA ACTIVIDAD FISICA PARA LA SALUD"
61,214885,"61_2",593,"502.html",20101104,82,1,0,"PROYECTO DE DECRETO QUE REFORMA Y ADICIONA LA LEY GENERAL DE SALUD, LA LEY GENERAL DE EDUCACION, LA LEY PARA LA PROTECCION DE LOS DERECHOS DE NIÑAS, NIÑOS Y ADOLESCENTES Y LA LEY GENERAL DE LA INFRAESTRUCTURA FISICA EDUCATIVA, EN RELACION CON LA EDUCACION ALIMENTARIA, EL SOBREPESO, LA OBESIDAD, LOS TRASTORNOS DE LA CONDUCTA ALIMENTARIA Y LA ACTIVIDAD FISICA PARA LA SALUD"
61,215213,"61_2",594,"502.html",20101104,71,16,0,"PROYECTO DE DECRETO QUE REFORMA Y ADICIONA LA LEY GENERAL DE SALUD, LA LEY GENERAL DE EDUCACION, LA LEY PARA LA PROTECCION DE LOS DERECHOS DE NIÑAS, NIÑOS Y ADOLESCENTES Y LA LEY GENERAL DE LA INFRAESTRUCTURA FISICA EDUCATIVA, EN RELACION CON LA EDUCACION ALIMENTARIA, EL SOBREPESO, LA OBESIDAD, LOS TRASTORNOS DE LA CONDUCTA ALIMENTARIA Y LA ACTIVIDAD FISICA PARA LA SALUD"
61,215587,"61_2",595,"502.html",20101104,80,0,1,"PROYECTO DE DECRETO QUE REFORMA Y ADICIONA LA LEY GENERAL DE SALUD, LA LEY GENERAL DE EDUCACION, LA LEY PARA LA PROTECCION DE LOS DERECHOS DE NIÑAS, NIÑOS Y ADOLESCENTES Y LA LEY GENERAL DE LA INFRAESTRUCTURA FISICA EDUCATIVA, EN RELACION CON LA EDUCACION ALIMENTARIA, EL SOBREPESO, LA OBESIDAD, LOS TRASTORNOS DE LA CONDUCTA ALIMENTARIA Y LA ACTIVIDAD FISICA PARA LA SALUD"
61,216246,"61_2",596,"502.html",20101104,72,1,0,"PROYECTO DE DECRETO QUE REFORMA Y ADICIONA LA LEY GENERAL DE SALUD, LA LEY GENERAL DE EDUCACION, LA LEY PARA LA PROTECCION DE LOS DERECHOS DE NIÑAS, NIÑOS Y ADOLESCENTES Y LA LEY GENERAL DE LA INFRAESTRUCTURA FISICA EDUCATIVA, EN RELACION CON LA EDUCACION ALIMENTARIA, EL SOBREPESO, LA OBESIDAD, LOS TRASTORNOS DE LA CONDUCTA ALIMENTARIA Y LA ACTIVIDAD FISICA PARA LA SALUD"
61,216487,"61_2",597,"503.html",20101104,70,0,0,"PROYECTO DE DECRETO POR EL QUE SE REFORMAN LOS INCISOS A) Y C) DE LA FRACCION IV DEL ARTICULO 328 DE LA LEY DE NAVEGACION Y COMERCIO MARITIMOS"
61,216719,"61_2",598,"789.html",20101207,78,0,1,"PROYECTO DE DECRETO QUE ADICIONA UN PARRAFO SEGUNDO AL ARTICULO TERCERO TRANSITORIO DE LA LEY DEL SEGURO SOCIAL, PUBLICADA EN EL DIARIO OFICIAL DE LA FEDERACION DEL 21 DE DICIEMBRE DE 1995"
61,216979,"61_2",599,"791.html",20101207,80,0,0,"ACUERDO ENTRE EL GOBIERNO DE LOS ESTADOS UNIDOS MEXICANOS Y EL GOBIERNO DE LA REPUBLICA DE SINGAPUR PARA LA PROMOCION Y PROTECCION DE LAS INVERSIONES, FIRMADO EN SINGAPUR EL 12 DE NOVIEMBRE DE 2009"
61,217243,"61_2",600,"793.html",20101207,86,0,1,"CONVENIO ENTRE EL GOBIERNO DE LOS ESTADOS UNIDOS MEXICANOS Y EL GOBIERNO DE AUSTRALIA SOBRE SERVICIOS AEREOS, HECHO EN LA CIUDAD DE MEXICO EL 9 DE ABRIL DE 2010"
61,217526,"61_2",601,"794.html",20101207,86,0,0,"MODIFICACIONES A LAS DECLARACIONES FORMULADAS AL MOMENTO DE ADHERIRSE AL CONVENIO SOBRE LA NOTIFICACION O TRASLADO EN EL EXTRANJERO DE DOCUMENTOS JUDICIALES O EXTRAJUDICIALES EN MATERIA CIVIL O COMERCIAL, ADOPTADO EN LA HAYA, EL 15 DE NOVIEMBRE DE 1965"
61,217808,"61_2",602,"795.html",20101207,83,0,0,"ESTATUTO DE LA AGENCIA INTERNACIONAL DE ENERGIAS RENOVABLES -IRENA-, HECHO EN BONN, EL 26 DE ENERO DE 2009"
61,218445,"61_2",603,"796.html",20101207,55,53,1,"PROYECTO DE DECRETO POR EL QUE SE REFORMAN, ADICIONAN Y DEROGAN DIVERSAS DISPOSICIONES DE LA LEY FEDERAL DE COMPETENCIA ECONOMICA, DEL CODIGO PENAL FEDERAL Y DEL CODIGO FISCAL DE LA FEDERACION"
61,219288,"61_2",604,"848.html",20101209,53,58,4,"PROYECTO DE DECRETO POR EL QUE SE REFORMAN, ADICIONAN Y DEROGAN DIVERSAS DISPOSICIONES DE LA LEY FEDERAL DE COMPETENCIA ECONOMICA, DEL CODIGO PENAL FEDERAL Y DEL CODIGO FISCAL DE LA FEDERACION"
61,219664,"61_2",605,"848.html",20101209,62,52,1,"PROYECTO DE DECRETO POR EL QUE SE REFORMAN, ADICIONAN Y DEROGAN DIVERSAS DISPOSICIONES DE LA LEY FEDERAL DE COMPETENCIA ECONOMICA, DEL CODIGO PENAL FEDERAL Y DEL CODIGO FISCAL DE LA FEDERACION"
61,220031,"61_2",606,"849.html",20101209,64,48,1,"DECRETO POR EL QUE SE ADICIONA UN ARTICULO 115 BIS A LA LEY DE DESARROLLO RURAL SUSTENTABLE"
61,220391,"61_2",607,"850.html",20101209,90,8,1,"PROYECTO DE DECRETO POR EL QUE SE REFORMAN LOS ARTICULOS 3, FRACCION III; 10; 11, FRACCION III; 14 Y 26 DE LA LEY PARA EL APROVECHAMIENTO DE ENERGIAS RENOVABLES Y EL FINANCIAMIENTO DE LA TRANSICION ENERGETICA"
61,220710,"61_2",608,"851.html",20101209,91,0,0,"PROYECTO DE DECRETO POR EL QUE SE GARANTIZAN LOS DERECHOS DE LOS USUARIOS DE COMPAÑIA MEXICANA DE AVIACION Y SUS FILIALES, EN RELACION CON LA VENTA DE BOLETOS ANTERIOR AL INICIO DEL PROCESO DE QUIEBRA"
61,221005,"61_2",609,"852.html",20101209,81,0,0,"PROYECTO DE DECRETO POR EL QUE SE REFORMAN Y ADICIONAN DIVERSAS DISPOSICIONES DEL CODIGO PENAL FEDERAL, DEL CODIGO FEDERAL DE PROCEDIMIENTOS PENALES Y DE LA LEY FEDERAL CONTRA LA DELINCUENCIA ORGANIZADA"
61,221271,"61_2",610,"853.html",20101209,80,1,2,"NOMBRAMIENTO COMO MIEMBRO DE LA JUNTA DE GOBIERNO DEL INSTITUTO NACIONAL DE ESTADISTICA Y GEOGRAFIA"
61,221552,"61_2",611,"854.html",20101209,82,0,0,"PERMISOS PARA ACEPTAR Y USAR CONDECORACION"
61,221819,"61_2",612,"879.html",20101209,76,0,0,"DECRETO POR EL QUE SE EXPIDE LA LEY SOBRE REFUGIADOS Y PROTECCION COMPLEMENTARIA Y SE REFORMAN, ADICIONAN Y DEROGAN DIVERSAS DISPOSICIONES DE LA LEY GENERAL DE POBLACION"
61,222081.9,"61_2",613,"879.html",20101209,66,1,0,"DECRETO POR EL QUE SE EXPIDE LA LEY SOBRE REFUGIADOS Y PROTECCION COMPLEMENTARIA Y SE REFORMAN, ADICIONAN Y DEROGAN DIVERSAS DISPOSICIONES DE LA LEY GENERAL DE POBLACION votación nominal en conjunto"
61,222288,"61_2",614,"880.html",20101209,71,0,0,"PROYECTO DE DECRETO POR EL QUE SE REFORMAN Y ADICIONAN DIVERSAS DISPOSICIONES DE LA LEY DE DESARROLLO RURAL SUSTENTABLE"
61,222598,"61_2",615,"881.html",20101209,84,0,0,"PROYECTO DE DECRETO POR EL QUE SE REFORMAN Y ADICIONAN DIVERSOS ARTICULOS DEL CODIGO FEDERAL DE PROCEDIMIENTOS CIVILES, DEL CODIGO CIVIL FEDERAL, DE LA LEY FEDERAL DE COMPETENCIA ECONOMICA, DE LA LEY FEDERAL DE PROTECCION AL CONSUMIDOR, DE LA LEY ORGANICA DEL PODER JUDICIAL DE LA FEDERACION, DE LA LEY GENERAL DEL EQUILIBRIO ECOLOGICO Y LA PROTECCION AL AMBIENTE Y DE LA LEY DE PROTECCION Y DEFENSA AL USUARIO DE SERVICIOS FINANCIEROS"
61,222880,"61_2",616,"881.html",20101209,71,0,0,"PROYECTO DE DECRETO POR EL QUE SE REFORMAN Y ADICIONAN DIVERSOS ARTICULOS DEL CODIGO FEDERAL DE PROCEDIMIENTOS CIVILES, DEL CODIGO CIVIL FEDERAL, DE LA LEY FEDERAL DE COMPETENCIA ECONOMICA, DE LA LEY FEDERAL DE PROTECCION AL CONSUMIDOR, DE LA LEY ORGANICA DEL PODER JUDICIAL DE LA FEDERACION, DE LA LEY GENERAL DEL EQUILIBRIO ECOLOGICO Y LA PROTECCION AL AMBIENTE Y DE LA LEY DE PROTECCION Y DEFENSA AL USUARIO DE SERVICIOS FINANCIEROS"
61,223117,"61_2",617,"1034.html",20110203,88,0,0,"ACUERDO DE RECONOCIMIENTO MUTUO DE CERTIFICADOS DE ESTUDIOS, TITULOS Y GRADOS ACADEMICOS ENTRE LOS ESTADOS UNIDOS MEXICANOS Y LA REPUBLICA POPULAR CHINA, FIRMADO EN LA CIUDAD DE MEXICO EL 30 DE JULIO DE 2010"
61,223405,"61_2",618,"1053.html",20110208,102,0,0,"PROYECTO DE DECRETO POR EL QUE SE REFORMAN Y ADICIONAN DIVERSAS DISPOSICIONES DE LA LEY GENERAL DE SOCIEDADES MERCANTILES"
61,223733,"61_2",619,"1054.html",20110208,104,0,0,"PROYECTO DE DECRETO QUE ADICIONA EL ARTICULO 14 DE LA LEY DE ADQUISICIONES, ARRENDAMIENTOS Y SERVICIOS DEL SECTOR PUBLICO"
61,224071,"61_2",620,"1132.html",20110217,90,0,3,"NOMBRAMIENTOS COMO MAGISTRADOS DE SALA SUPERIOR YDE SALA REGIONAL DEL TRIBUNAL FEDERAL DE JUSTICIA FISCAL Y ADMINISTRATIVA"
61,224383,"61_2",621,"1133.html",20110217,86,0,0,"PROYECTO DE DECRETO POR EL QUE SE REFORMAN Y ADICIONAN DIVERSOS ARTICULOS DE LA LEY DE NAVEGACION Y COMERCIO MARITIMOS Y SE REFORMA LA FRACCION I DEL ARTICULO 44 DE LA LEY DE PUERTOS"
61,224671,"61_2",622,"1154.html",20110222,83,15,0,"PROYECTO DE DECRETO POR EL QUE SE EXPIDE LA LEY DE MIGRACION Y SE REFORMAN, DEROGAN Y ADICIONAN DIVERSAS DISPOSICIONES DE LA LEY GENERAL DE POBLACION, DEL CODIGO PENAL FEDERAL, DEL CODIGO FEDERAL DE PROCEDIMIENTOS PENALES, DE LA LEY FEDERAL CONTRA LA DELINCUENCIA ORGANIZADA, DE LA LEY DELA POLICIA FEDERAL, DE LA LEY DE ASOCIACIONES RELIGIOSAS Y CULTO PUBLICO, DE LA LEY DE INVERSION EXTRANJERA Y DE LA LEY GENERAL DE TURISMO"
61,224995,"61_2",623,"1175.html",20110224,81,0,0,"DECRETO POR EL QUE SE REFORMA EL PARRAFO SEGUNDO DE LA FRACCION II Y SE ADICIONA UN PARRAFO TERCERO AL ARTICULO 114 DE LA LEY ORGANICA DEL PODER JUDICIAL DE LA FEDERACION"
61,225261,"61_2",624,"1176.html",20110224,79,0,0,"PROYECTO DE DECRETO QUE REFORMA EL ARTICULO 97 DE LA CONSTITUCION POLITICA DE LOS ESTADOS UNIDOS MEXICANOS"
61,225520,"61_2",625,"1186.html",20110224,83,0,0,"PROYECTO DE DECRETO POR EL QUE SE EXPIDE LA LEY DE MIGRACION Y SE REFORMAN, DEROGAN Y ADICIONAN DIVERSAS DISPOSICIONES DE LA LEY GENERAL DE POBLACION, DEL CODIGO PENAL FEDERAL, DEL CODIGO FEDERAL DE PROCEDIMIENTOS PENALES, DE LA LEY FEDERAL CONTRA LA DELINCUENCIA ORGANIZADA, DE LA LEY DE LA POLICIA FEDERAL, DE LA LEY DE ASOCIACIONES RELIGIOSAS Y CULTO PUBLICO, DE LA LEY DEINVERSION EXTRANJERA Y DE LA LEY GENERAL DE TURISMO"
61,225801,"61_2",626,"1217.html",20110301,91,0,0,"DECRETO POR EL QUE SE ADICIONA UN ARTICULO 29 BIS A LA LEY FEDERAL DE PROTECCION AL CONSUMIDOR"
61,226096,"61_2",627,"1218.html",20110301,88,1,0,"DECRETO POR EL QUE SE REFORMAN Y ADICIONAN DIVERSOS ARTICULOS DE LA LEY FEDERAL DE CORREDURIA PUBLICA"
61,226385,"61_2",628,"1225.html",20110301,91,0,1,"PROYECTO DE DECRETO QUE REFORMA EL ARTICULO 99 DE LA LEY GENERAL DE CULTURA FISICA Y DEPORTE"
61,226685,"61_2",629,"1238.html",20110303,72,1,0,"La que suscribe, Marisela Morales Ibáñez, mexicana por nacimiento, solicita atentamente el permiso a que se refiere la fracción III, apartado C, del artículo 37 de la Constitución Política de los Estados Unidos Mexicanos, a efecto de estar en posibilidad de aceptar el “Premio Internacional a las Mujeres de Valentía”, que ha tenido a bien conferirme el Gobierno de los Estados Unidos de América."
61,226927,"61_2",630,"1240.html",20110303,48,42,0,"DECRETO POR EL QUE SE ADICIONA UN PARRAFO AL ARTICULO 16 DE LA LEY DE DESARROLLO RURAL SUSTENTABLE"
61,227219,"61_2",631,"1241.html",20110303,82,1,2,"PROYECTO DE DECRETO POR EL QUE SE ADICIONAN DOS PARRAFOS A LA FRACCION II DEL ARTICULO 59 DE LA LEY NAVEGACION Y COMERCIO MARITIMOS"
61,227500,"61_2",632,"1242.html",20110303,83,0,0,"PROYECTO DE DECRETO POR EL QUE SE ADICIONA LA FRACCION XVII AL ARTICULO 7 DE LA LEY GENERAL DE EDUCACION"
61,227771,"61_2",633,"1243.html",20110303,77,0,1,"PROYECTO DE DECRETO POR EL QUE SE ADICIONA LA FRACCION XIII Y SE RECORRE LA ACTUAL PARA SER XIV DEL ARTICULO 14 DE LA LEY GENERAL DE EDUCACION"
61,228027,"61_2",634,"1244.html",20110303,85,0,0,"DECRETO POR EL QUE SE CREA LA LEY GENERAL PARA LA INCLUSION DE LAS PERSONAS CON DISCAPACIDAD"
61,228321,"61_2",635,"1249.html",20110303,79,0,0,"PERMISOS PARA ACEPTAR Y USAR CONDECORACIONES"
61,228817,"61_2",636,"1269.html",20110308,108,0,0,"PROYECTO DE DECRETO QUE MODIFICA LA DENOMINACIONDEL CAPITULO I DEL TITULO PRIMERO Y REFORMA DIVERSOSARTICULOS DE LA CONSTITUCION POLITICA DE LOS ESTADOSUNIDOSMEXICANOS"
61,229203.9,"61_2",637,"1269.html",20110308,44,50,0,"PROYECTO DE DECRETO QUE MODIFICA LA DENOMINACIONDEL CAPITULO I DEL TITULO PRIMERO Y REFORMA DIVERSOSARTICULOS DE LA CONSTITUCION POLITICA DE LOS ESTADOSUNIDOSMEXICANOS Si se admite a discusion"
61,229563.9,"61_2",638,"1269.html",20110308,34,56,1,"PROYECTO DE DECRETO QUE MODIFICA LA DENOMINACIONDEL CAPITULO I DEL TITULO PRIMERO Y REFORMA DIVERSOSARTICULOS DE LA CONSTITUCION POLITICA DE LOS ESTADOSUNIDOSMEXICANOS El sí es por admitir la discusión, el no es porque quede en los términos el dictamen que se presenta a nuestra consideración"
61,229841,"61_2",639,"1269.html",20110308,76,21,2,"PROYECTO DE DECRETO QUE MODIFICA LA DENOMINACIONDEL CAPITULO I DEL TITULO PRIMERO Y REFORMA DIVERSOSARTICULOS DE LA CONSTITUCION POLITICA DE LOS ESTADOSUNIDOSMEXICANOS Artículo 1º. Estamos votando de fondo"
61,230170.9,"61_2",640,"1269.html",20110308,100,0,0,"PROYECTO DE DECRETO QUE MODIFICA LA DENOMINACIONDEL CAPITULO I DEL TITULO PRIMERO Y REFORMA DIVERSOSARTICULOS DE LA CONSTITUCION POLITICA DE LOS ESTADOSUNIDOSMEXICANOS votación nominal de los artículos 18 y 97"
61,230487,"61_2",641,"1269.html",20110308,101,1,0,"PROYECTO DE DECRETO QUE MODIFICA LA DENOMINACIONDEL CAPITULO I DEL TITULO PRIMERO Y REFORMA DIVERSOSARTICULOS DE LA CONSTITUCION POLITICA DE LOS ESTADOSUNIDOSMEXICANOS El sí es por la aprobación en sus términos"
61,230825,"61_2",642,"1269.html",20110308,96,1,0,"PROYECTO DE DECRETO QUE MODIFICA LA DENOMINACIONDEL CAPITULO I DEL TITULO PRIMERO Y REFORMA DIVERSOSARTICULOS DE LA CONSTITUCION POLITICA DE LOS ESTADOSUNIDOSMEXICANOS"
61,231213,"61_2",643,"1269.html",20110308,88,1,2,"PROYECTO DE DECRETO QUE MODIFICA LA DENOMINACIONDEL CAPITULO I DEL TITULO PRIMERO Y REFORMA DIVERSOSARTICULOS DE LA CONSTITUCION POLITICA DE LOS ESTADOSUNIDOSMEXICANOS"
61,231525,"61_2",644,"1324.html",20110315,85,1,0,"PROYECTO DE DECRETO QUE ADICIONA EL ARTICULO 76 BIS A LA LEY GENERAL DE SALUD"
61,231810,"61_2",645,"1378.html",20110322,90,0,0,"DECRETO POR EL QUE SE REFORMAN DIVERSAS DISPOSICIONES DE LA LEY GENERAL PARA LA IGUALDAD ENTRE MUJERES Y HOMBRES, LA LEY DE VIVIENDA Y LA LEY FEDERAL DE FOMENTO A LAS ACTIVIDADES REALIZADAS POR ORGANIZACIONES DE LA SOCIEDAD CIVIL"
61,232102,"61_2",646,"1379.html",20110322,92,0,0,"PROYECTO DE DECRETO POR EL QUE SE ADICIONA UNA FRACCION VII, RECORRIENDOSE LA ACTUAL PARA SER LA VIII, AL ARTICULO 100 DE LA LEY GENERAL DE SALUD"
61,232400,"61_2",647,"1380.html",20110322,85,0,0,"PROYECTO DE DECRETO QUE REFORMA EL ARTICULO 48 DE LA LEY DELA COMISION NACIONAL DE LOS DERECHOS HUMANOS"
61,232681,"61_2",648,"1381.html",20110322,85,0,0,"PROYECTO DE DECRETO POR EL QUE SE EXPIDE LA LEY FEDERAL DE ARCHIVOS"
61,232958,"61_2",649,"1382.html",20110322,89,0,0,"PROYECTO DE DECRETO POR EL QUE SE EXPIDE LA LEY DE FIRMA ELECTRONICA AVANZADA"
61,233247,"61_2",650,"1383.html",20110322,81,0,0,"DECRETO POR EL QUE SE REFORMA EL ARTICULO 72 DE LA LEY AGRARIA"
61,233512,"61_2",651,"1384.html",20110322,89,0,0,"PROYECTO DE DECRETO QUE REFORMA LA FRACCION VI DEL ARTICULO 185 DE LA LEY AGRARIA"
61,233801,"61_2",652,"1385.html",20110322,87,0,0,"DECRETO POR EL QUE SE ADICIONA UNA FRACCION XII AL ARTICULO 2 DE LA LEY DE ASCENSOS Y RECOMPENSAS DEL EJERCITO Y FUERZA AEREA MEXICANOS"
61,234084,"61_2",653,"1386.html",20110322,83,0,0,"PROYECTO DE DECRETO POR EL QUE SE REFORMA EL ARTICULO 103 DE LA LEY GENERAL DE SALUD"
61,234355,"61_2",654,"1387.html",20110322,79,0,1,"PERMISOS PARA ACEPTAR Y USAR CONDECORACIONES Y PARA PRESTAR SERVICIOS"
61,234649,"61_2",655,"1394.html",20110322,84,0,0,"PROYECTO DE DECRETO QUE REFORMA, ADICIONA Y DEROGA DIVERSAS DISPOSICIONES DE LA LEY DE PETROLEOS MEXICANOS"
61,234940,"61_2",656,"1394.html",20110322,53,13,1,"PROYECTO DE DECRETO QUE REFORMA, ADICIONA Y DEROGA DIVERSAS DISPOSICIONES DE LA LEY DE PETROLEOS MEXICANOS"
61,235164,"61_2",657,"1415.html",20110324,67,1,1,"PROYECTO DE DECRETO QUE REFORMA EL ARTICULO 14 DE LA LEY GENERAL DE DESARROLLO SOCIAL"
61,235533,"61_2",658,"1416.html",20110324,75,0,4,"RATIFICACION DE NOMBRAMIENTOS DIPLOMATICOS"
61,235869,"61_2",659,"1416.html",20110324,70,0,5,"RATIFICACION DE NOMBRAMIENTOS DIPLOMATICOS"
61,236231,"61_2",660,"1416.html",20110324,66,1,8,"RATIFICACION DE NOMBRAMIENTOS DIPLOMATICOS"
61,236544,"61_2",661,"1416.html",20110324,60,1,5,"RATIFICACION DE NOMBRAMIENTOS DIPLOMATICOS"
61,236774,"61_2",662,"1418.html",20110324,66,0,1,"DECRETO POR EL QUE SE DEROGA EL CAPITULO IV DEL TITULO DECIMOQUINTO DEL LIBRO SEGUNDO DEL CODIGO PENAL FEDERAL"
61,237059,"61_2",663,"1435.html",20110329,77,0,0,"RATIFICACION DE NOMBRAMIENTOS DIPLOMATICOS"
61,237364,"61_2",664,"1435.html",20110329,79,0,0,"RATIFICACION DE NOMBRAMIENTOS DIPLOMATICOS"
61,237634,"61_2",665,"1447.html",20110329,80,0,0,"PROYECTO DE DECRETO POR EL QUE SE REFORMA EL INCISO A) DE LA FRACCION I DEL ARTICULO 4 DE LA LEY DE ASISTENCIA SOCIAL"
61,237897,"61_2",666,"1451.html",20110329,88,0,0,"DECRETO QUE REFORMA Y ADICIONA DIVERSOS ARTICULOS DE LA LEY GENERAL DE SALUD"
61,238183,"61_2",667,"1475.html",20110331,82,0,0,"PERMISOS PARA ACEPTAR Y USAR CONDECORACIONES"
61,238452,"61_2",668,"1476.html",20110331,97,0,1,"PROYECTO DE DECRETO POR EL QUE SE REFORMAN Y ADICIONAN DIVERSAS DISPOSICIONES DEL CODIGO PENAL FEDERAL, DEL CODIGO FEDERAL DE PROCEDIMIENTOS PENALES Y DE LA LEY FEDERAL CONTRA LA DELINCUENCIA ORGANIZADA"
61,238770,"61_2",669,"1477.html",20110331,84,1,0,"PROYECTO DE DECRETO POR EL QUE SE REFORMAN LOS PARRAFOS SEXTO Y SEPTIMO DEL ARTICULO 4 Y SE ADICIONA LA FRACCION XXIX-P AL ARTICULO 73 DE LA CONSTITUCION POLITICA DE LOS ESTADOS UNIDOS MEXICANOS"
61,239056,"61_2",670,"1479.html",20110331,77,0,0,"DECRETO POR EL QUE SE REFORMA EL ARTICULO 164 DE LA LEY AGRARIA"
61,239311,"61_2",671,"1509.html",20110405,74,0,0,"ACUERDO PARA LA CONSTITUCION DELA ACADEMIA INTERNACIONAL CONTRA LA CORRUPCION COMO ORGANIZACION INTERNACIONAL, HECHO EN VIENA EL 2 DE SEPTIEMBRE DE 2010"
61,239657,"61_2",672,"1510.html",20110405,87,3,0,"PROYECTO DE DECRETO POR EL QUE SE EXPIDE LA LEY FEDERAL ANTICORRUPCION EN CONTRATACIONES PUBLICAS"
61,240019,"61_2",673,"1510.html",20110405,80,5,0,"PROYECTO DE DECRETO POR EL QUE SE EXPIDE LA LEY FEDERAL ANTICORRUPCION EN CONTRATACIONES PUBLICAS"
61,240305,"61_2",674,"1511.html",20110405,68,14,0,"DECRETO QUE CONCEDE AUTORIZACION AL PRESIDENTE DE LOS ESTADOS UNIDOS MEXICANOS PARA PERMITIR QUE LA ARMADA DE MEXICO PARTICIPE EN LOS EJERCICIOS NAVALES “UNITAS LII”, EN SU COMPONENTE MARITIMO, CON UNA PATRULLA OCEANICA CLASE OAXACA EQUIPADA CON HELICOPTERO EMBARCADO Y 105 ELEMENTOS DE TRIPULACION, DEL 15 DE ABRIL AL 11 DE MAYO DEL 2011, EN AGUAS DE JURISDICCION BRASILEÑA; EN LOS EJERCICIOS NAVALES “UNITAS LII”, EN SU COMPONENTE ANFIBIO DENOMINADO “SOCIEDAD DE LAS AMERICAS 2011”, CON UNA SECCION DE INFANTERIA DE MARINA INTEGRADA POR40 ELEMENTOS, DEL 4 AL 23 DE JUNIO DE 2011, EN BAHIA BLANCA, ARGENTINA; Y EN LOS EJERCICIOS “PANAMAX” 2011”, CON UNA PATRULLA OCEANICA CLASE OAXACA EQUIPADA CON HELICOPTERO EMBARCADO Y 105 ELEMENTOS DE TRIPULACION, DEL 15 AL 26 DE AGOSTO DE 2011, EN AGUAS DE PANAMA"
61,240573,"61_2",675,"1512.html",20110405,78,0,1,"PROYECTO DE DECRETO POR EL QUE SE ADICIONA UN PARRAFO TERCERO AL ARTICULO 1424 DEL CODIGO DE COMERCIO"
61,240832,"61_2",676,"1513.html",20110405,65,20,0,"PROTOCOLO MODIFICATORIO AL TRATADO DE LIBRE COMERCIO ENTRE LOS ESTADOS UNIDOS MEXICANOS, LA REPUBLICA DE COLOMBIA Y LA REPUBLICA DE VENEZUELA, FIRMADO EN LA CIUDAD DE CARTAGENA DE INDIAS, COLOMBIA EL 13 DE JUNIO DE 1994, FIRMADO SIMULTANEAMENTE EN LA CIUDAD DE MEXICO Y EN BOGOTA D.C., EL 11 DE JUNIO DE 2010"
61,241112,"61_2",677,"1536.html",20110407,84,15,7,"DESIGNACION COMO PROCURADORA GENERAL DE LA REPUBLICA"
61,241514,"61_2",678,"1537.html",20110407,77,9,2,"PROYECTO DE DECRETO POR EL QUE SE ADICIONA UNA FRACCION II BIS, UNA FRACCION III BIS Y UN SEGUNDO PARRAFO A DICHA FRACCION DEL ARTICULO 65, Y SE REFORMA EL PRIMER PARRAFO Y SE AÑADE UN PARRAFO SEGUNDO, RECORRIENDOSE EL ACTUAL PARA SER UN TERCERO, AL ARTICULO 66 DE LA LEY GENERAL DE SALUD"
61,241850,"61_2",679,"1537.html",20110407,65,3,6,"PROYECTO DE DECRETO POR EL QUE SE ADICIONA UNA FRACCION II BIS, UNA FRACCION III BIS Y UN SEGUNDO PARRAFO A DICHA FRACCION DEL ARTICULO 65, Y SE REFORMA EL PRIMER PARRAFO Y SE AÑADE UN PARRAFO SEGUNDO, RECORRIENDOSE EL ACTUAL PARA SER UN TERCERO, AL ARTICULO 66 DE LA LEY GENERAL DE SALUD"
61,242094,"61_2",680,"1538.html",20110407,78,0,1,"PROYECTO DE DECRETO POR EL QUE SE REFORMAN LOS ARTICULOS 19, 20 Y 73 DE LA CONSTITUCION POLITICA DE LOS ESTADOS UNIDOS MEXICANOS"
61,242359,"61_2",681,"1539.html",20110407,65,0,0,"PROYECTO DE DECRETO POR EL QUE SE REFORMAN LOS ARTICULOS 7, PRIMER PARRAFO Y FRACCION X; 30, FRACCION I, Y SE ADICIONA EL TITULO SEPTIMO “OTRAS DISPOSICIONES” CON UN ARTICULO 34 ALA LEY PARA EL APROVECHAMIENTO SUSTENTABLE DE LA ENERGIA"
61,242577,"61_2",682,"1581.html",20110412,77,1,0,"RATIFICACION DE NOMBRAMIENTO DIPLOMATICO"
61,242846,"61_2",683,"1590.html",20110412,86,0,0,"PROYECTO DE DECRETO POR EL QUE SE REFORMAN Y ADICIONAN DIVERSAS DISPOSICIONES DE LA LEY ORGANICA DEL EJERCITO Y FUERZA AEREA MEXICANOS Y DE LA LEY DE ASCENSOS Y RECOMPENSAS DEL EJERCITO Y FUERZA AEREA MEXICANOS"
61,243126,"61_2",684,"1591.html",20110412,83,0,0,"PROYECTO DE DECRETO POR EL QUE SE ADICIONA UNA FRACCION V AL ARTICULO 90 DE LA LEY GENERAL DE SALUD"
61,243397,"61_2",685,"1592.html",20110412,80,0,0,"PROYECTO DE DECRETO POR EL QUE SE REFORMA EL ARTICULO 1411 DEL CODIGO DE COMERCIO"
61,243659,"61_2",686,"1593.html",20110412,80,0,0,"PROYECTO DE DECRETO POR EL QUE SE REFORMAN Y ADICIONAN DIVERSOS ARTICULOS DE LA LEY FEDERAL DE PROTECCION AL CONSUMIDOR"
61,243923,"61_2",687,"1594.html",20110412,76,0,3,"ACTAS FINALES DE LA CONFERENCIA DE PLENIPOTENCIARIOS(PP-06) DE LA UNION INTERNACIONAL DE TELECOMUNICACIONES (UIT), COMO INSTRUMENTO QUE CONSIGNA LAS ENMIENDAS A LA CONSTITUCION Y AL CONVENIO DE LA UNION INTERNACIONAL DE TELECOMUNICACIONES (GINEBRA, 1992), LAS ENMIENDAS ADOPTADAS POR LA CONFERENCIA DE PLENIPOTENCIARIOS (KYOTO, 1994), PORLA CONFERENCIA DE PLENIPOTENCIARIOS (MINNEAPOLIS, 1998), POR LA CONFERENCIA DE PLENIPOTENCIARIOS (MARRAKECH, 2002), LAS DECLARACIONES Y RESERVAS FORMULADAS POR LOS PLENIPOTENCIARIOS QUE SUSCRIBIERON LAS ACTAS FINALES DE LA PP-06, LAS MODIFICACIONES REALIZADAS AL REGLAMENTO GENERAL DE LAS CONFERENCIAS, ASAMBLEAS Y REUNIONES DE LA UNION,ASI COMO LAS DECISIONES Y RESOLUCIONES ADOPTADAS POR LA CONFERENCIA DE PLENIPOTENCIARIOS (PP-06), FIRMADAS EN ANTALYA, TURQUIA, EL 24 DE NOVIEMBRE DE 2006"
61,244182,"61_2",688,"1595.html",20110412,82,0,0,"PROYECTO DE DECRETO POR EL QUE SE REFORMAN LOS ARTICULOS 9º Y 14 DE LA LEY GENERAL DE EDUCACION"
61,244453,"61_2",689,"1596.html",20110412,87,0,1,"PROYECTO DE DECRETO POR EL QUE SE REFORMAN LOS ARTICULOS 1, FRACCION IV; 8, FRACCION XXI; 10; 13; 14, FRACCIONES V Y VI; 21; 33; 41; 42, Y 46; Y SE ADICIONAN UN ARTICULO 10 BIS; UNA FRACCION VIIAL ARTICULO 14; Y LOS PARRAFOS SEGUNDO, TERCERO Y CUARTOAL ARTICULO 31 DE LA LEY FEDERAL DE RESPONSABILIDADES ADMINISTRATIVAS DE LOS SERVIDORES PUBLICOS"
61,244743,"61_2",690,"1604.html",20110412,79,0,0,"PROYECTO DE DECRETO QUE REFORMA LOS ARTICULOS 15, 27 Y 28 DE LA LEY FEDERAL DE SEGURIDAD PRIVADA"
61,245105,"61_2",691,"1639.html",20110414,87,0,0,"PROYECTO DE DECRETO POR EL QUE SE REFORMAN Y ADICIONAN DIVERSAS DISPOSICIONES DE LA LEY ORGANICA DEL TRIBUNAL FEDERAL DE JUSTICIA FISCAL Y ADMINISTRATIVA"
61,245224,"61_2",692,"1657.html",20110414,86,0,0,"PROYECTO DE DECRETO POR EL QUE SE ADICIONA UN PARRAFO TERCERO AL ARTICULO 4º RECORRIENDOSE EN EL ORDEN LOS SUBSECUENTES Y UN SEGUNDO PARRAFO A LA FRACCION XX DEL ARTICULO 27 DE LA CONSTITUCION POLITICA DE LOS ESTADOS UNIDOS MEXICANOS"
61,245342,"61_2",693,"1658.html",20110414,67,0,0,"DECRETO QUE ADICIONA DIVERSAS DISPOSICIONES A LOS ARTICULOS 5 Y 13 DE LA LEY PARA PREVENIR Y SANCIONAR LA TRATA DE PERSONAS"
61,245442,"61_2",694,"1775.html",20110426,96,0,3,"PROYECTO DE DECRETO POR EL QUE SE ESTABLECEN LAS CARACTERISTICAS DE UNA MONEDA BIMETALICA, CON VALOR NOMINAL DE 20 PESOS, CONMEMORATIVA AL SEPTUAGESIMO QUINTO ANIVERSARIO DE LA FUNDACION DEL INSTITUTO POLITECNICO NACIONAL"
61,245582,"61_2",695,"1778.html",20110426,98,0,2,"DECRETO POR EL QUE SE ESTABLECEN LAS CARACTERISTICAS DE VEINTICUATRO MONEDAS BIMETALICAS CONMEMORATIVAS DE LA “HERENCIA NUMISMATICA DE MEXICO”"
61,245726,"61_2",696,"1782.html",20110426,93,0,0,"PROYECTO DE DECRETO QUE REFORMA LOS ARTICULOS 194, 198 Y 204 DE LA LEY GENERAL DE SALUD"
61,245859,"61_2",697,"1783.html",20110426,92,6,2,"NOMBRAMIENTO COMO MIEMBRO DE LA JUNTA DE GOBIERNO DEL BANCO DE MEXICO"
61,246168,"61_2",698,"1784.html",20110426,73,20,2,"PROYECTO DE DECRETO POR EL QUE SE REFORMAN LA LEY FEDERAL DE ARMAS DE FUEGO Y EXPLOSIVOS Y LA LEY ORGANICA DE LA PROCURADURIA GENERAL DE LA REPUBLICA"
61,246306,"61_2",699,"1785.html",20110426,88,0,0,"PROYECTO DE DECRETO POR EL QUE SE ADICIONAN Y REFORMAN DIVERSOS ARTICULOS DE LA LEY GENERAL DE INSTITUCIONES Y SOCIEDADES MUTUALISTAS DE SEGUROS"
61,246432,"61_2",700,"1786.html",20110426,91,0,0,"DECRETO POR EL QUE SE REFORMA LA FRACCION IX DEL ARTICULO 7 DE LA LEY GENERAL DE EDUCACION"
61,246561,"61_2",701,"1788.html",20110426,88,0,1,"DECRETO POR EL QUE SE REFORMA EL ARTICULO 18 DE LA LEY DE ADQUISICIONES, ARRENDAMIENTOS Y SERVICIOS DEL SECTOR PUBLICO"
61,246694,"61_2",702,"1789.html",20110426,83,0,0,"PROYECTO DE DECRETO POR EL QUE SE EXPIDE LA LEY GENERAL DE LA ECONOMIA SOCIAL Y SOLIDARIA, REGLAMENTARIA DEL PARRAFO SEPTIMO DEL ARTICULO 25 DE LA CONSTITUCION POLITICA DE LOS ESTADOS UNIDOS MEXICANOS"
61,247212,"61_2",703,"1831.html",20110427,94,5,8,"PROYECTO DE DECRETO POR EL QUE SE REFORMAN Y ADICIONAN DIVERSAS DISPOSICIONES DE LA CONSTITUCION POLITICA DE LOS ESTADOS UNIDOS MEXICANOS, EN MATERIA DE REFORMA POLITICA"
61,247416.91,"61_2",704,"1831.html",20110427,29,66,3,"PROYECTO DE DECRETO POR EL QUE SE REFORMAN Y ADICIONAN DIVERSAS DISPOSICIONES DE LA CONSTITUCION POLITICA DE LOS ESTADOS UNIDOS MEXICANOS, EN MATERIA DE REFORMA POLITICA"
61,247568,"61_2",705,"1831.html",20110427,85,3,0,"PROYECTO DE DECRETO POR EL QUE SE REFORMAN Y ADICIONAN DIVERSAS DISPOSICIONES DE LA CONSTITUCION POLITICA DE LOS ESTADOS UNIDOS MEXICANOS, EN MATERIA DE REFORMA POLITICA"
61,247717.91,"61_2",706,"1831.html",20110427,79,3,0,"PROYECTO DE DECRETO POR EL QUE SE REFORMAN Y ADICIONAN DIVERSAS DISPOSICIONES DE LA CONSTITUCION POLITICA DE LOS ESTADOS UNIDOS MEXICANOS, EN MATERIA DE REFORMA POLITICA"
61,247916.91,"61_2",707,"1831.html",20110427,32,50,3,"PROYECTO DE DECRETO POR EL QUE SE REFORMAN Y ADICIONAN DIVERSAS DISPOSICIONES DE LA CONSTITUCION POLITICA DE LOS ESTADOS UNIDOS MEXICANOS, EN MATERIA DE REFORMA POLITICA"
61,248093,"61_2",708,"1831.html",20110427,71,20,0,"PROYECTO DE DECRETO POR EL QUE SE REFORMAN Y ADICIONAN DIVERSAS DISPOSICIONES DE LA CONSTITUCION POLITICA DE LOS ESTADOS UNIDOS MEXICANOS, EN MATERIA DE REFORMA POLITICA"
61,248281,"61_2",709,"1831.html",20110427,89,3,0,"PROYECTO DE DECRETO POR EL QUE SE REFORMAN Y ADICIONAN DIVERSAS DISPOSICIONES DE LA CONSTITUCION POLITICA DE LOS ESTADOS UNIDOS MEXICANOS, EN MATERIA DE REFORMA POLITICA"
61,248424.91,"61_2",710,"1831.html",20110427,82,4,0,"PROYECTO DE DECRETO POR EL QUE SE REFORMAN Y ADICIONAN DIVERSAS DISPOSICIONES DE LA CONSTITUCION POLITICA DE LOS ESTADOS UNIDOS MEXICANOS, EN MATERIA DE REFORMA POLITICA"
61,248627,"61_2",711,"1831.html",20110427,65,22,0,"PROYECTO DE DECRETO POR EL QUE SE REFORMAN Y ADICIONAN DIVERSAS DISPOSICIONES DE LA CONSTITUCION POLITICA DE LOS ESTADOS UNIDOS MEXICANOS, EN MATERIA DE REFORMA POLITICA"
61,248760,"61_2",712,"1831.html",20110427,75,16,0,"PROYECTO DE DECRETO POR EL QUE SE REFORMAN Y ADICIONAN DIVERSAS DISPOSICIONES DE LA CONSTITUCION POLITICA DE LOS ESTADOS UNIDOS MEXICANOS, EN MATERIA DE REFORMA POLITICA"
61,248937,"61_2",713,"1831.html",20110427,84,5,0,"PROYECTO DE DECRETO POR EL QUE SE REFORMAN Y ADICIONAN DIVERSAS DISPOSICIONES DE LA CONSTITUCION POLITICA DE LOS ESTADOS UNIDOS MEXICANOS, EN MATERIA DE REFORMA POLITICA"
61,249158,"61_2",714,"1831.html",20110427,72,19,0,"PROYECTO DE DECRETO POR EL QUE SE REFORMAN Y ADICIONAN DIVERSAS DISPOSICIONES DE LA CONSTITUCION POLITICA DE LOS ESTADOS UNIDOS MEXICANOS, EN MATERIA DE REFORMA POLITICA"
61,249345,"61_2",715,"1831.html",20110427,73,16,0,"PROYECTO DE DECRETO POR EL QUE SE REFORMAN Y ADICIONAN DIVERSAS DISPOSICIONES DE LA CONSTITUCION POLITICA DE LOS ESTADOS UNIDOS MEXICANOS, EN MATERIA DE REFORMA POLITICA"
61,249539,"61_2",716,"1831.html",20110427,72,17,0,"PROYECTO DE DECRETO POR EL QUE SE REFORMAN Y ADICIONAN DIVERSAS DISPOSICIONES DE LA CONSTITUCION POLITICA DE LOS ESTADOS UNIDOS MEXICANOS, EN MATERIA DE REFORMA POLITICA"
61,249694,"61_2",717,"1831.html",20110427,76,13,1,"PROYECTO DE DECRETO POR EL QUE SE REFORMAN Y ADICIONAN DIVERSAS DISPOSICIONES DE LA CONSTITUCION POLITICA DE LOS ESTADOS UNIDOS MEXICANOS, EN MATERIA DE REFORMA POLITICA"
61,249895,"61_2",718,"1831.html",20110427,70,22,2,"PROYECTO DE DECRETO POR EL QUE SE REFORMAN Y ADICIONAN DIVERSAS DISPOSICIONES DE LA CONSTITUCION POLITICA DE LOS ESTADOS UNIDOS MEXICANOS, EN MATERIA DE REFORMA POLITICA"
61,250044,"61_2",719,"1831.html",20110427,22,61,0,"PROYECTO DE DECRETO POR EL QUE SE REFORMAN Y ADICIONAN DIVERSAS DISPOSICIONES DE LA CONSTITUCION POLITICA DE LOS ESTADOS UNIDOS MEXICANOS, EN MATERIA DE REFORMA POLITICA"
61,250197,"61_2",720,"1831.html",20110427,82,9,0,"PROYECTO DE DECRETO POR EL QUE SE REFORMAN Y ADICIONAN DIVERSAS DISPOSICIONES DE LA CONSTITUCION POLITICA DE LOS ESTADOS UNIDOS MEXICANOS, EN MATERIA DE REFORMA POLITICA"
61,250341,"61_2",721,"1831.html",20110427,82,8,2,"PROYECTO DE DECRETO POR EL QUE SE REFORMAN Y ADICIONAN DIVERSAS DISPOSICIONES DE LA CONSTITUCION POLITICA DE LOS ESTADOS UNIDOS MEXICANOS, EN MATERIA DE REFORMA POLITICA"
61,250489,"61_2",722,"1831.html",20110427,88,5,0,"PROYECTO DE DECRETO POR EL QUE SE REFORMAN Y ADICIONAN DIVERSAS DISPOSICIONES DE LA CONSTITUCION POLITICA DE LOS ESTADOS UNIDOS MEXICANOS, EN MATERIA DE REFORMA POLITICA"
61,250627,"61_2",723,"1831.html",20110427,86,4,1,"PROYECTO DE DECRETO POR EL QUE SE REFORMAN Y ADICIONAN DIVERSAS DISPOSICIONES DE LA CONSTITUCION POLITICA DE LOS ESTADOS UNIDOS MEXICANOS, EN MATERIA DE REFORMA POLITICA"
61,250804,"61_2",724,"1831.html",20110427,31,57,5,"PROYECTO DE DECRETO POR EL QUE SE REFORMAN Y ADICIONAN DIVERSAS DISPOSICIONES DE LA CONSTITUCION POLITICA DE LOS ESTADOS UNIDOS MEXICANOS, EN MATERIA DE REFORMA POLITICA"
61,251117.0001,"61_2",725,"1831.html",20110427,64,24,1,"PROYECTO DE DECRETO POR EL QUE SE REFORMAN Y ADICIONAN DIVERSAS DISPOSICIONES DE LA CONSTITUCION POLITICA DE LOS ESTADOS UNIDOS MEXICANOS, EN MATERIA DE REFORMA POLITICA"
61,251140,"61_2",726,"1831.html",20110427,60,26,0,"PROYECTO DE DECRETO POR EL QUE SE REFORMAN Y ADICIONAN DIVERSAS DISPOSICIONES DE LA CONSTITUCION POLITICA DE LOS ESTADOS UNIDOS MEXICANOS, EN MATERIA DE REFORMA POLITICAparticular"
